id,close,high,low,open,vp,vwap,previous,volume,DATE
60f7c017b6c609ad7cd0e28f,19.9,19.95,19.9,19.95,0,19.9,19.8,12200,2021-07-21
60f5322eb6c609ad7cce4990,19.8,20.25,19.05,20.25,0,19.8,20.25,34500,2021-07-19
60f12897b6c609ad7cca84dc,20.25,20.25,20.25,20.25,0,20.25,22.5,26500,2021-07-16
60efd717b6c609ad7cc90581,22.5,22.75,22.5,22.75,0,22.5,24.95,7300,2021-07-15
60ee8597b6c609ad7cc798d9,24.95,26,24,26,0,24.95,26,2600,2021-07-14
60ed3417b6c609ad7cc6318b,26,26,26,26,0,26,26,900,2021-07-13
60ebe297b6c609ad7cc4ab07,26,26,26,26,0,26,26.3,1400,2021-07-12
60e7ee16b6c609ad7cc0cc2f,26.3,26.3,26.3,26.3,0,26.3,29.2,300,2021-07-09
60e69c96b6c609ad7cbf4397,29.2,29.2,29.2,29.2,0,29.2,30.5,1100,2021-07-08
60e54b17b6c609ad7cbdca88,30.5,32,30,32,0,30.5,32.35,400,2021-07-07
60e3f996b6c609ad7cbc1363,32.35,33,32,33,0,32.35,33,700,2021-07-06
60e2a817b6c609ad7cba553d,33,33,32.5,32.5,0,33,35.9,11400,2021-07-05
60deb397b6c609ad7cb6a835,35.9,35.9,35.9,35.9,0,35.9,36,300,2021-07-02
60dd6216b6c609ad7cb5342c,36,36,36,36,0,36,36.3,1200,2021-07-01
60dc1097b6c609ad7cb3b323,36.3,36.3,36.3,36.3,0,36.3,36.3,100,2021-06-30
60dabf16b6c609ad7cb1bf54,36.3,37,35.9,36,0,36.3,36,2500,2021-06-29
60d96d97b6c609ad7cafbe81,36,36,36,36,0,36,40,800,2021-06-28
60d57917b6c609ad7cab6705,40,0,0,0,0,40,40,0,2021-06-25
60d42796b6c609ad7ca9a331,40,0,0,0,0,40,40,0,2021-06-24
60d2d617b6c609ad7ca83ba8,40,40,40,40,0,40,40,500,2021-06-23
60d18496b6c609ad7ca6dd52,40,40,40,40,0,40,38.2,600,2021-06-22
60d03317b6c609ad7ca57a1f,38.2,0,0,0,0,38.2,38.2,0,2021-06-21
60cc3e97b6c609ad7ca1e37b,38.2,38.2,38.2,38.2,0,38.2,39.95,200,2021-06-18
60caed17b6c609ad7ca06728,39.95,0,0,0,0,39.95,39.95,0,2021-06-17
60c99b97b6c609ad7c9eda82,39.95,42.4,38.6,42.4,0,39.95,42.4,300,2021-06-16
60c84a17b6c609ad7c9d6c74,42.4,0,0,0,0,42.4,42.4,0,2021-06-15
60c6f896b6c609ad7c9befdc,42.4,42.4,42.4,42.4,0,42.4,38.6,100,2021-06-14
60c30416b6c609ad7c978848,38.6,38.6,38.6,38.6,0,38.6,38.6,4100,2021-06-11
60c1b297b6c609ad7c962e79,38.6,38.6,38.6,38.6,0,38.6,38.6,700,2021-06-10
60c06116b6c609ad7c9455ab,38.6,38.6,38.2,38.2,0,38.6,38.5,1800,2021-06-09
60bf0f97b6c609ad7c929905,38.5,38.5,38.5,38.5,0,38.5,38.6,800,2021-06-08
60bdbe17b6c609ad7c90e585,38.6,38.6,38.6,38.6,0,38.6,38.6,300,2021-06-07
60b9c997b6c609ad7c8c7af3,38.6,38.6,38.6,38.6,0,38.6,38.6,200,2021-06-04
60b87817b6c609ad7c8aff4a,38.6,38.6,38.6,38.6,0,38.6,42.8,1200,2021-06-03
60b72696b6c609ad7c897e38,42.8,42.8,42.8,42.8,0,42.8,42.8,100,2021-06-02
60b48397b6c609ad7c86bea7,42.8,42.8,42.8,42.8,0,42.8,39,200,2021-05-31
60b08f17b6c609ad7c82b894,39,39,39,39,0,39,39.35,100,2021-05-28
60af3d97b6c609ad7c810d45,39.35,40,36,40,0,39.35,40,600,2021-05-27
60adec18b6c609ad7c7f6f86,40,40,40,40,0,40,40,1300,2021-05-26
60ac9a97b6c609ad7c7d519b,40,40,40,40,0,40,38.1,500,2021-05-25
60ab4917b6c609ad7c7b6819,38.1,40,38,38,0,38.1,39,2600,2021-05-24
60a75497b6c609ad7c77c9f8,39,39,39,39,0,39,38.5,100,2021-05-21
60a60317b6c609ad7c76672f,38.5,0,0,0,0,38.5,38.5,0,2021-05-20
60a4b197b6c609ad7c74e82d,38.5,39,38,38,0,38.5,40,200,2021-05-19
60a36017b6c609ad7c737983,40,40,40,40,0,40,40,1100,2021-05-18
60a20e97b6c609ad7c721c8a,40,40,40,40,0,40,39.2,100,2021-05-17
609cc897b6c609ad7c6d44d5,39.2,39.2,39.2,39.2,0,39.2,39.2,600,2021-05-13
609b7716b6c609ad7c6bbcbc,39.2,0,0,0,0,39.2,39.2,0,2021-05-12
609a2597b6c609ad7c6a1b62,39.2,0,0,0,0,39.2,39.2,0,2021-05-11
6098d416b6c609ad7c68b7b5,39.2,39.55,39,39,0,39.2,36,1200,2021-05-10
6094df97b6c609ad7c65312c,36,0,0,0,0,36,36,0,2021-05-07
6093870eb6c609ad7c63a75f,36,36,36,36,0,36,36,200,2021-05-06
6092358fb6c609ad7c622a1d,36,0,0,0,0,36,36,0,2021-05-05
6090e40fb6c609ad7c60b53b,36,36,36,36,0,36,36,2800,2021-05-04
608f928eb6c609ad7c5f36ee,36,36,36,36,0,36,36,1400,2021-05-03
608b9e0eb6c609ad7c5b785a,36,36,36,36,0,36,38.1,1000,2021-04-30
608a4c8eb6c609ad7c59fb67,38.1,0,0,0,0,38.1,38.1,0,2021-04-29
6088fb0fb6c609ad7c586a3b,38.1,0,0,0,0,38.1,38.1,0,2021-04-28
6087a98fb6c609ad7c56d4db,38.1,38.1,38.1,38.1,0,38.1,38.1,1400,2021-04-27
608656e3b6c609ad7c552f3d,38.1,38.1,38.1,38.1,0,38.1,38.1,100,2021-04-26
6082638fb6c609ad7c512644,38.1,0,0,0,0,38.1,38.1,0,2021-04-23
608110e3b6c609ad7c4f8dd8,38,39,38,39,0,38,40.5,2400,2021-04-22
607fc090b6c609ad7c4df19a,40.5,40.5,40.5,40.5,0,40.5,40.4,1000,2021-04-21
607e6f0fb6c609ad7c4c7c72,41,41,38,38,0,41,38,500,2021-04-20
607d1c64b6c609ad7c4affd9,38,0,0,0,0,38,38,0,2021-04-19
6079290fb6c609ad7c476b48,38,38,38,38,0,38,38,100,2021-04-16
6077d78fb6c609ad7c45cd7f,38,0,0,0,0,38,38,0,2021-04-15
6076860fb6c609ad7c443a07,38,38,38,38,0,38,39,1400,2021-04-14
6075348eb6c609ad7c42959d,39,39,39,39,0,39,42.2,600,2021-04-13
6073e30fb6c609ad7c40caa2,43,43,40,40,0,43,40,1800,2021-04-12
606fee8fb6c609ad7c3cbe71,40,0,0,0,0,40,40,0,2021-04-09
606e9d0fb6c609ad7c3afac8,40,0,0,0,0,40,40,0,2021-04-08
606d4b8eb6c609ad7c394012,40,40,40,40,0,40,41.9,100,2021-04-07
606bfa0eb6c609ad7c379b89,41.9,0,0,0,0,41.9,41.9,0,2021-04-06
6065628eb6c609ad7c3128bc,41.9,0,0,0,0,41.9,41.9,0,2021-04-01
6064110fb6c609ad7c2f962e,43,43,39,41,0,43,39.35,2000,2021-03-31
6062be63b6c609ad7c2e1884,39.35,0,0,0,0,39.35,39.35,0,2021-03-30
60616e0eb6c609ad7c2cc5fc,39.4,39.4,39.35,39.35,0,39.4,39.3,2500,2021-03-29
605d7863b6c609ad7c290772,39.3,39.3,39.3,39.3,0,39.3,40.5,100,2021-03-26
605c26e4b6c609ad7c277ab2,40.5,0,0,0,0,40.5,40.5,0,2021-03-25
605add97b6c609ad7c25fdb0,40.5,0,0,0,0,40.5,40.5,0,2021-03-24
60598c17b6c609ad7c246cf5,40.5,40.5,40.5,40.5,0,40.5,39,1000,2021-03-23
60583a97b6c609ad7c22ed2a,39,39,39,39,0,39,39,100,2021-03-22
60544616b6c609ad7c1eede6,39,39,39,39,0,39,41,100,2021-03-19
6052f497b6c609ad7c1d9458,41,41,41,41,0,41,39.5,100,2021-03-18
6051a316b6c609ad7c1c31e6,39.5,0,0,0,0,39.5,39.5,0,2021-03-17
60505196b6c609ad7c1acfcf,39.5,41,39,40.65,0,39.5,39.7,5400,2021-03-16
604f0017b6c609ad7c18df79,39.7,0,0,0,0,39.7,39.7,0,2021-03-15
604b0b96b6c609ad7c13717b,39.7,0,0,0,0,39.7,39.7,0,2021-03-12
6049ba16b6c609ad7c11059e,39.7,0,0,0,0,39.7,39.7,0,2021-03-11
60486897b6c609ad7c0f53de,39.7,40,39.5,39.5,0,39.7,39,17800,2021-03-10
60471716b6c609ad7c0d998d,39,39,39,39,0,39,39.3,4300,2021-03-09
6041d117b6c609ad7c07cc60,39.4,39.5,39,39.5,0,39.4,39.5,6000,2021-03-05
60407f96b6c609ad7c06437e,39.5,39.5,39.5,39.5,0,39.5,39.5,500,2021-03-04
603f2e16b6c609ad7c048a0b,39.5,39.5,39.5,39.5,0,39.5,39.5,100,2021-03-03
603ddc96b6c609ad7c02e429,39.5,39.5,39.5,39.5,0,39.5,39.5,300,2021-03-02
603c8b17b6c609ad7c01751b,39.5,39.5,39.5,39.5,0,39.5,39.5,100,2021-03-01
60389697b6c609ad7cfd6497,39.5,39.5,39.5,39.5,0,39.5,39.5,500,2021-02-26
60374516b6c609ad7cfbf387,39.5,39.5,39.5,39.5,0,39.5,39,400,2021-02-25
6035f397b6c609ad7cf9fbe4,39,39,39,39,0,39,39.45,2000,2021-02-24
6034a216b6c609ad7cf8684e,39.45,39.5,39,39.5,0,39.45,40,12900,2021-02-23
60335096b6c609ad7cf6b5e9,40,0,0,0,0,40,40,0,2021-02-22
602f5c17b6c609ad7cf2c5d8,40,0,0,0,0,40,40,0,2021-02-19
602e0a97b6c609ad7cf161c3,40,40,40,40,0,40,39,2000,2021-02-18
602cb917b6c609ad7cef989e,39,39,39,39,0,39,40,4200,2021-02-17
602b6797b6c609ad7cedf009,40,40,40,40,0,40,40,1200,2021-02-16
602a1616b6c609ad7cec66c7,40,40,40,40,0,40,40,1000,2021-02-15
60262196b6c609ad7ce7edaf,40,40,39,40,0,40,40,6100,2021-02-12
6024d016b6c609ad7ce6606e,40,0,0,0,0,40,40,0,2021-02-11
60237e96b6c609ad7ce4553a,40,0,0,0,0,40,40,0,2021-02-10
60222d16b6c609ad7ce25bb3,40,0,0,0,0,40,40,0,2021-02-09
6020db97b6c609ad7ce0c2ac,40,0,0,0,0,40,40,0,2021-02-08
601ce717b6c609ad7cdcce6a,40,0,0,0,0,40,40,0,2021-02-05
601b9596b6c609ad7cdb1d54,40,0,0,0,0,40,40,0,2021-02-04
601a3d0fb6c609ad7cd9b52e,40,40,40,40,0,40,38.45,1300,2021-02-03
6018f16fb6c609ad7cd7ea79,38,40,38,40,0,38,40,1400,2021-02-02
60179a0fb6c609ad7cd63f8c,40,40,40,40,0,40,40,1000,2021-02-01
6013a464b6c609ad7cd1af59,40,40,40,40,0,40,40,100,2021-01-29
6012540fb6c609ad7cd024bb,40,0,0,0,0,40,40,0,2021-01-28
6011028fb6c609ad7ccf0122,40,0,0,0,0,40,40,0,2021-01-27
600fba6eb6c609ad7cce2895,40,40,40,40,0,40,40,2300,2021-01-26
600e5e9fb6c609ad7ccd3791,40,40,40,40,0,40,38,3300,2021-01-25
600a8027b6c609ad7ccb2b29,38,0,0,0,0,38,38,0,2021-01-22
6009198eb6c609ad7cc9d839,38,38,38,38,0,38,39.35,300,2021-01-21
6007c80fb6c609ad7cc8e7e0,39,40,39,40,0,39,40,700,2021-01-20
600675a0b6c609ad7cc808cc,40,40,40,40,0,40,39.5,100,2021-01-19
6005241fb6c609ad7cc74a52,39.5,39.5,39.5,39.5,0,39.5,39,200,2021-01-18
6001308eb6c609ad7cc5251c,39,39,39,39,0,39,39,300,2021-01-15
5fffdf0eb6c609ad7cc4415e,39,39,39,39,0,39,40,200,2021-01-14
5ffe8c9fb6c609ad7cc36989,40,0,0,0,0,40,40,0,2021-01-13
5ffd3b1fb6c609ad7cc292f0,40,0,0,0,0,40,40,0,2021-01-12
5ffbe99fb6c609ad7cc1d0f5,40,40,40,40,0,40,39.7,1600,2021-01-11
5ff809fbb6c609ad7cc00725,40,40,38,38,0,40,38,700,2021-01-08
5ff5521fb6c609ad7cbe9373,38,0,0,0,0,38,38,0,2021-01-06
5ff4009fb6c609ad7cbd9c4d,38,0,0,0,0,38,38,0,2021-01-05
5ff2c076b6c609ad7cbcb8cf,38,0,0,0,0,38,38,0,2021-01-04
5fed6a0fb6c609ad7cba33ae,38,38,38,38,0,38,37,800,2020-12-31
5fec17a0b6c609ad7cb95ac3,37,0,0,0,0,37,37,0,2020-12-30
5feac70fb6c609ad7cb8a1c4,37,0,0,0,0,37,37,0,2020-12-29
5fe9749fb6c609ad7cb7e51d,37,0,0,0,0,37,37,0,2020-12-28
5fe42f8fb6c609ad7cb53887,37,0,0,0,0,37,37,0,2020-12-24
5fe2dd1fb6c609ad7cb46bbc,37,0,0,0,0,37,37,0,2020-12-23
5fe1ac7db6c609ad7cb384d7,37,0,0,0,0,37,37,0,2020-12-22
5fe03b0eb6c609ad7cb2aa34,37,0,0,0,0,37,37,0,2020-12-21
5fdc459fb6c609ad7cb0d73f,37,0,0,0,0,37,37,0,2020-12-18
5fdaf41fb6c609ad7cb0249f,37,0,0,0,0,37,37,0,2020-12-17
5fd9a29fb6c609ad7caf38c7,37,0,0,0,0,37,37,0,2020-12-16
5fd8511fb6c609ad7cae7164,37,37,37,37,0,37,37,400,2020-12-15
5fd6ff9fb6c609ad7cad8724,37,37,37,37,0,37,36.4,1000,2020-12-14
5fd30b1fb6c609ad7cabd44e,36,37,36,37,0,36,36.65,1700,2020-12-11
5fd1b99fb6c609ad7cab0247,36.7,36.7,36.6,36.6,0,36.7,36.7,600,2020-12-10
5fd0681fb6c609ad7caa28aa,36.7,36.7,36.7,36.7,0,36.7,36.95,300,2020-12-09
5fcf169fb6c609ad7ca94d81,36.95,0,0,0,0,36.95,36.95,0,2020-12-08
5fcdc60eb6c609ad7ca861ff,36.95,0,0,0,0,36.95,36.95,0,2020-12-07
5fc9d09fb6c609ad7ca66225,36.9,37,36.9,37,0,36.9,37.9,2200,2020-12-04
5fc87f1fb6c609ad7ca55401,37.9,37.9,37.9,37.9,0,37.9,38.3,100,2020-12-03
5fc72d9fb6c609ad7ca4641f,38.3,0,0,0,0,38.3,38.3,0,2020-12-02
5fc5dc1fb6c609ad7ca39935,38,39,38,39,0,38,40,7100,2020-12-01
5fc48a9fb6c609ad7ca2b7f3,40,0,0,0,0,40,40,0,2020-11-30
5fc0961fb6c609ad7ca09683,40,0,0,0,0,40,40,0,2020-11-27
5fbf449fb6c609ad7c9faee3,40,0,0,0,0,40,40,0,2020-11-26
5fbdf31fb6c609ad7c9ed269,40,40,40,40,0,40,40,500,2020-11-25
5fbca19fb6c609ad7c9deda3,40,40,40,40,0,40,39,200,2020-11-24
5fbb501fb6c609ad7c9cf915,39,0,0,0,0,39,39,0,2020-11-23
5fb75b9fb6c609ad7c9b182b,39,0,0,0,0,39,39,0,2020-11-20
5fb60a1fb6c609ad7c9a2ae1,39,0,0,0,0,39,39,0,2020-11-19
5fb4b89fb6c609ad7c9934b2,39,0,0,0,0,39,39,0,2020-11-18
5fb3671eb6c609ad7c980942,39,39,39,39,0,39,41,2000,2020-11-17
5fb2159fb19b0b519a4c9426,41,0,0,0,0,41,41,0,2020-11-16
5fae220eb19b0b519a4a9be6,41,41,41,41,0,41,38,200,2020-11-13
5faccf9eb19b0b519a4991dc,38,0,0,0,0,38,38,0,2020-11-12
5fab7e1fb19b0b519a48c0e9,38,38,38,38,0,38,38,2100,2020-11-11
5faa2c9fb19b0b519a4800ef,38,0,0,0,0,38,38,0,2020-11-10
5fa8dc0eb19b0b519a474018,38,0,0,0,0,38,38,0,2020-11-09
5fa4e69fb19b0b519a458742,38,0,0,0,0,38,38,0,2020-11-06
5fa3951fb19b0b519a44d120,38,38,38,38,0,38,41.5,400,2020-11-05
5fa2439fb19b0b519a441312,41.5,0,0,0,0,41.5,41.5,0,2020-11-04
5fa0f220b19b0b519a43440f,41.5,0,0,0,0,41.5,41.5,0,2020-11-03
5f9fa09fb19b0b519a42809a,41.5,0,0,0,0,41.5,41.5,0,2020-11-02
5f9bac1fb19b0b519a40e811,41.5,41.5,41.5,41.5,0,41.5,41,100,2020-10-30
5f9a5b8eb19b0b519a401423,41,41,41,41,0,41,41.5,600,2020-10-29
5f99091fb19b0b519a3f5a50,41.5,0,0,0,0,41.5,41.5,0,2020-10-28
5f97b88fb19b0b519a3eaca6,41.5,41.5,41.5,41.5,0,41.5,41.5,100,2020-10-27
5f966bbfb19b0b519a3df064,41.5,41.5,41.5,41.5,0,41.5,41.45,300,2020-10-26
5f9273bcb19b0b519a3bec1a,41.5,41.5,40,40,0,41.5,42,11100,2020-10-23
5f91210fb19b0b519a3b1b1e,42,42,42,42,0,42,42,1200,2020-10-22
5f8fcf8fb19b0b519a3a60df,42,42,42,42,0,42,42.5,100,2020-10-21
5f8d2b9fb19b0b519a38ed1f,42.5,42.5,42.5,42.5,0,42.5,42.45,1000,2020-10-19
5f89380eb19b0b519a36e857,42.45,0,0,0,0,42.45,42.45,0,2020-10-16
5f87e59fb19b0b519a362583,42,42.5,42,42,0,42,42.5,9500,2020-10-15
5f869420b19b0b519a354a40,42.5,0,0,0,0,42.5,42.5,0,2020-10-14
5f85429fb19b0b519a349ea4,42.5,0,0,0,0,42.5,42.5,0,2020-10-13
5f83f11fb19b0b519a33df28,42.5,45,40,45,0,42.5,42.5,8100,2020-10-12
5f7ffc9fb19b0b519a31f0eb,42.5,42.5,42.5,42.5,0,42.5,42.5,2000,2020-10-09
5f7eab1fb19b0b519a3122b1,42.5,0,0,0,0,42.5,42.5,0,2020-10-08
5f7d59a0b19b0b519a305dba,42.5,0,0,0,0,42.5,42.5,0,2020-10-07
5f7c081fb19b0b519a2f9034,42.5,42.5,42.5,42.5,0,42.5,42.5,1800,2020-10-06
5f7ab78fb19b0b519a2ec9e1,42.5,42.5,42.5,42.5,0,42.5,43,200,2020-10-05
5f76c21fb19b0b519a2d119a,43,43,43,43,0,43,42,100,2020-10-02
5f75709fb19b0b519a2c1019,42,0,0,0,0,42,42,0,2020-10-01
5f741f1fb19b0b519a2b326e,42,0,0,0,0,42,42,0,2020-09-30
5f72cd9fb19b0b519a2a6d4e,42,42,42,42,0,42,46.5,200,2020-09-29
5f717c1fb19b0b519a2991b3,46.5,0,0,0,0,46.5,46.5,0,2020-09-28
5f6d87a0b19b0b519a27a6cf,46.5,46.5,46.5,46.5,0,46.5,42.55,1200,2020-09-25
5f6c361fb19b0b519a26bf99,42.5,44,42.5,44,0,42.5,44.1,2100,2020-09-24
5f6ae49fb19b0b519a25ccce,44.1,44.1,44.1,44.1,0,44.1,49,300,2020-09-23
5f69931fb19b0b519a24ac43,49,0,0,0,0,49,49,0,2020-09-22
5f68419fb19b0b519a23a31f,49,49,49,49,0,49,44.9,2100,2020-09-21
5f644d1fb19b0b519a214256,42,45,42,44,0,42,44.9,94800,2020-09-18
5f62fb9fb19b0b519a1fde6c,44,45,38,38,0,44,42,209100,2020-09-17
5f61aa1fb19b0b519a1ef05d,42,42,39.7,41.85,0,42,41.85,204900,2020-09-16
5f60589fb19b0b519a1de849,39.7,44,39.7,44,0,39.7,44,800,2020-09-15
5f5f071fb19b0b519a1cde16,44,44,44,44,0,44,44,100,2020-09-14
5f5b1a9cb19b0b519a1a8e40,44,44,44,44,0,44,44.1,200,2020-09-11
5f59c596b19b0b519a19140e,44,44.45,44,0,0,44,44.45,0,2020-09-10
5f58779db19b0b519a17e84f,44.45,44.45,44.45,0,0,44.45,43,0,2020-09-09
5f571e20b19b0b519a16ba3a,43,43,43,0,0,43,44.5,0,2020-09-08
5f55d120b19b0b519a1594ba,44.5,0,0,44.5,0,44.5,44.5,0,2020-09-07
5f51e272b19b0b519a12ded0,44.5,0,0,0,0,44.5,44.5,0,2020-09-04
5f5090f1b19b0b519a11d678,44.5,0,0,0,0,44.5,44.5,0,2020-09-03
5f4f3611b19b0b519a10d295,44.5,44.5,44.5,0,0,44.5,44.65,0,2020-09-02
5f4de492b19b0b519a0fc85d,44.65,0,0,0,0,44.65,44.65,0,2020-09-01
5f4c9b4fb19b0b519a0ec730,44.5,44.75,44.5,0,0,44.5,45,0,2020-08-31
5f48a0eab19b0b519a0c8c03,45,0,0,0,0,45,45,0,2020-08-28
5f47541ab19b0b519a0b7f80,45,0,0,0,0,45,45,0,2020-08-27
5f46061db19b0b519a0a7254,45,45,45,0,0,45,46.45,0,2020-08-26
5f44ac6ab19b0b519a096ca9,46.45,0,0,0,0,46.45,46.45,0,2020-08-25
5f4361f5b19b0b519a087415,46.45,0,0,0,0,46.45,46.45,0,2020-08-24
5f3f6795b19b0b519a065c99,46.45,46.45,46.45,0,0,46.45,46.5,0,2020-08-21
5f3e11abb19b0b519a051062,46.5,0,0,0,0,46.5,46.5,0,2020-08-20
5f3cc247b19b0b519a03e5e9,46.5,46.5,46.5,0,0,46.5,46.5,0,2020-08-19
5f3b71eab19b0b519a02cfee,46.5,46.5,46.5,46.5,0,46.5,46.5,0,2020-08-18
5f3a22c2b19b0b519a01d327,46.5,0,0,0,0,46.5,46.5,0,2020-08-17
5f3628adb19b0b519aff9ccb,46.5,0,0,0,0,46.5,46.5,0,2020-08-14
5f34e047b19b0b519afe5070,46.5,46.5,46.5,0,0,46.5,42.5,0,2020-08-13
5f33869db19b0b519afd4753,42.5,0,0,0,0,42.5,42.5,0,2020-08-12
5f324a2bb19b0b519afc7785,42.5,42.5,42.5,0,0,42.5,46.5,0,2020-08-11
5f30ee21b19b0b519afb841b,46.5,0,0,0,0,46.5,46.5,0,2020-08-10
5f2cf3cbb19b0b519af9559f,46.5,0,0,0,0,46.5,46.5,0,2020-08-07
5f2b9feab19b0b519af83ed5,46.5,46.5,46.5,0,0,46.5,47,0,2020-08-06
5f2a51f0b19b0b519af71fb2,47,0,0,0,0,47,47,0,2020-08-05
5f2902c6b19b0b519af5ed05,47,0,0,0,0,47,47,0,2020-08-04
5f27adcbb19b0b519af4f9f1,47,0,0,0,0,47,47,0,2020-08-03
5f2110acb19b0b519af06ce4,47,0,0,0,0,47,47,0,2020-07-29
5f1fbf2bb19b0b519aef64ec,47,0,0,0,0,47,47,0,2020-07-28
5f1e792bb19b0b519aee74bd,47,0,0,0,0,47,47,0,2020-07-27
5f1a8252b19b0b519aec0c1c,47,47,47,0,0,47,46.75,0,2020-07-24
5f19344bb19b0b519aeaf389,47,47,45,0,0,47,46.9,0,2020-07-23
5f17da96b19b0b519ae9f334,0,0,0,0,0,0,0,0,2020-07-22
5f168ca6b19b0b519ae8f9a5,46.9,0,0,0,0,46.9,46.9,0,2020-07-21
5f153c47b19b0b519ae80da0,46.9,0,0,0,0,46.9,46.9,0,2020-07-20
5f1141e9b19b0b519ae5fe4b,46.95,46.95,46.5,0,0,46.95,47.95,0,2020-07-17
5f0fed2eb19b0b519ae4e063,47.95,0,0,0,0,47.95,47.95,0,2020-07-16
5f0e9dc9b19b0b519ae3b5a3,47.95,0,0,0,0,47.95,47.95,0,2020-07-15
5f0d50eeb19b0b519ae2abff,47.95,47.95,47.95,0,0,47.95,48.25,0,2020-07-14
5f0bfd16b19b0b519ae1a5af,48.25,0,0,0,0,48.25,48.25,0,2020-07-13
5f080d51b19b0b519adf7a85,48.25,0,0,0,0,48.25,48.25,0,2020-07-10
5f06be1eb19b0b519ade6644,48.25,0,0,0,0,48.25,48.25,0,2020-07-09
5f0590f6b19b0b519add8477,48.25,0,0,0,0,48.25,48.25,0,2020-07-08
5f041372b19b0b519adc479b,48.25,0,0,0,0,48.25,48.25,0,2020-07-07
5f02c61ab19b0b519adb50c2,48.25,0,0,0,0,48.25,48.25,0,2020-07-06
5efeca91b19b0b519ad93a66,48.25,48.25,48.25,0,0,48.25,48,0,2020-07-03
5efd8280b19b0b519ad8224e,48,48,48,0,0,48,48.95,0,2020-07-02
5efc2c42b19b0b519ad6f87f,48.95,0,0,0,0,48.95,48.95,0,2020-07-01
5efae7a7b19b0b519ad5ea48,48.95,0,0,0,0,48.95,48.95,0,2020-06-30
5ef99ae1b19b0b519ad4b70f,48.95,0,0,0,0,48.95,48.95,0,2020-06-29
5ef59728b19b0b519ad286da,48.95,48.95,48.95,0,0,48.95,48.95,0,2020-06-26
5ef4492bb19b0b519ad16f00,48.95,48.95,48.95,0,0,48.95,48,0,2020-06-25
5ef3129fb19b0b519ad068f3,48,0,0,0,0,48,48,0,2020-06-24
5ef1a3c8b19b0b519acebd52,48,48,48,0,0,48,48.95,0,2020-06-23
5ef05f36b19b0b519acdc4db,48.95,0,0,0,0,48.95,48.95,0,2020-06-22
5eec56bfb19b0b519acb4bb5,48.95,48.95,48.95,0,0,48.95,48.95,0,2020-06-19
5eeb16deb19b0b519aca0571,48.95,48.95,48.95,0,0,48.95,48.7,0,2020-06-18
5ee9b878b19b0b519ac8c10a,48.7,0,0,0,0,48.7,48.7,0,2020-06-17
5ee8602eb19b0b519ac760d9,48.95,48.95,48.95,0,0,48.95,48,0,2020-06-16
5ee71a21b19b0b519ac60209,49.05,0,0,0,0,49.05,49.05,0,2020-06-15
5ee3283bb19b0b519ac3aaa8,48,48,48,0,0,48,49.05,0,2020-06-12
5ee1cd21b19b0b519ac238b2,49.05,0,0,0,0,49.05,49.05,0,2020-06-11
5ee0862db19b0b519ac0d476,49.05,0,0,0,0,49.05,49.05,0,2020-06-10
5edf28ecb19b0b519abf680f,49.05,0,0,0,0,49.05,49.05,0,2020-06-09
5edde0d4b19b0b519abe3679,49.05,0,0,0,0,49.05,49.05,0,2020-06-08
5ed9e2eab19b0b519abb6cb3,49.05,0,0,0,0,49.05,49.05,0,2020-06-05
5ed89878b19b0b519aba4f9f,49,49.5,49,0,0,49,49.5,0,2020-06-04
5ed75fa0b19b0b519ab961e0,49.5,0,0,0,0,49.5,49.5,0,2020-06-03
5ed5fbc1b19b0b519ab81997,49.5,49.5,49.5,0,0,49.5,49.5,0,2020-06-02
5ed0c555b19b0b519ab4e77e,49.5,49.5,49.5,0,0,49.5,49.5,0,2020-05-29
5ecf539eb19b0b519ab30c1c,49.5,49.5,49.5,49.5,4950,49.5,45,100,2020-05-28
5ece021eb19b0b519ab155f2,45,45,45,45,4500,45,45,100,2020-05-27
5ec3761eb19b0b519aa5b54b,45,45,45,45,4500,45,49.5,100,2020-05-19
5ebcde9eb19b0b519a9f4ff7,49.5,49.5,49.5,49.5,14850,49.5,51,300,2020-05-14
5eb8ea1fb19b0b519a9a123d,51,51,51,51,51000,51,53,1000,2020-05-11
5eb2529eb19b0b519a93fa21,53,53,53,53,26500,53,53,500,2020-05-06
5eb1011eb19b0b519a9252c6,53,53,53,53,53000,53,53,1000,2020-05-05
5eafa1c4b19b0b519a9054c5,53,53,53,53,26500,53,53,500,2020-05-04
5eaa699ef17e20a33af705ac,53,53,53,53,5300,53,53,100,2020-04-30
5e99461ef17e20a33ae1c2e8,53,53,53,53,132500,53,53,2500,2020-04-17
5e97f49ef17e20a33adfe19b,53,53,53,53,5300,53,53,100,2020-04-16
5e8eba1ef17e20a33ad6b09c,53,53,53,53,10600,53,58,200,2020-04-09
5e818b20f17e20a33ac58173,58,58,58,58,34800,58,59,600,2020-03-30
5e78509ff17e20a33abb2e11,59,59,59,59,11800,59,58,200,2020-03-23
5e730a9ff17e20a33ab6e9ca,58,58,58,58,5800,58,58,100,2020-03-19
5e60959ff17e20a33aa4519a,58,58,58,58,58000,58,58,1000,2020-03-05
5e5f441ff17e20a33aa2f33a,58,58,58,58,29000,58,64,500,2020-03-04
5e5df29ff17e20a33aa19cc7,64,64,64,64,6400,64,60,100,2020-03-03
5e58ac9ff17e20a33a9de2ba,60,60,60,60,6000,60,62,100,2020-02-28
5e56099ff17e20a33a9b3249,62,62,62,62,18600,62,62,300,2020-02-26
5e4f721ff17e20a33a9621bb,62,62,62,62,24800,62,65,400,2020-02-21
5e4e209ff17e20a33a94b3da,65,65,65,65,6500,65,60,100,2020-02-20
5e4b7d9ef17e20a33a91f656,60,60,60,60,246000,60,62,4100,2020-02-18
5e3ce90317dd7468bbe8798c,62,62,62,62,12400,62,62,200,2020-02-07
5e3b978317dd7468bbe8793b,62,62,62,62,12400,62,65,200,2020-02-06
5e325d0417dd7468bbe877a6,64,65.75,64,65.75,240300,64.95,65,3700,2020-01-30
5e310b8417dd7468bbe87752,64,65.75,64,65.75,240300,64.95,66,3700,2020-01-29
5e1eb62f17dd7468bbe873ee,64.75,0,0,0,0,64.75,64.75,0,2020-01-15
5e1d812e17dd7468bbe8735c,64.75,0,0,0,0,64.75,64.75,0,2020-01-14
5e00440217dd7468bbe8720a,62,63,62,63,12500,62.5,62.5,200,2019-12-23
5dfc4f8117dd7468bbe871b0,62,63,62,63,12500,62.5,64,200,2019-12-20
5dfafe0217dd7468bbe87159,64,64,64,64,12800,64,64,200,2019-12-19
5df859db17dd7468bbe870bd,64,64,64,64,12800,64,64,200,2019-12-17
5df7098217dd7468bbe8707a,64,64,64,64,12800,64,64,200,2019-12-16
5de9da8217dd7468bbe86f16,64,64,64,64,64000,64,62,1000,2019-12-06
5de0932417dd7468bbe86d83,62,62,62,62,55800,62,62,900,2019-11-29
5ddf684817dd7468bbe86d41,62,62,62,62,55800,62,68,900,2019-11-28
5dddfd0217dd7468bbe86ce8,62,68,68,68,6800,68,62,100,2019-11-27
5dd6140217dd7468bbe86bba,62,62,62,62,142600,62,62,2300,2019-11-21
5dd4c28217dd7468bbe86b5e,62,62,62,62,142600,62,62,2300,2019-11-20
5dd3710217dd7468bbe86b0e,62,62,62,62,12400,62,62,200,2019-11-19
5dd254c817dd7468bbe86ac4,62,62,62,62,12400,62,62,200,2019-11-18
5dce70cf17dd7468bbe86a72,62,62,62,62,49600,62,62.5,800,2019-11-15
5dccfed817dd7468bbe86a23,62.5,62.5,62.5,62.5,12500,62.5,62.5,200,2019-11-14
5dca368017dd7468bbe86989,62.5,62.5,62.5,62.5,62500,62.5,62.5,1000,2019-11-12
5dc8d82817dd7468bbe86939,62.5,62.5,62.5,62.5,62500,62.5,62.5,1000,2019-11-11
5dc4e3a917dd7468bbe868ed,62.5,62.5,62.5,62.5,25000,62.5,62,400,2019-11-08
5dc39f0117dd7468bbe868b4,62,62,62,62,6200,62,62,100,2019-11-07
5dbbb602ceaf66de2fef7069,62,62,62,62,6200,62,62,100,2019-11-01
5dba614bceaf66de2fef7007,62.25,62,62,62,6200,62,0,100,2019-10-31
5db91300ceaf66de2fef6fb2,62.25,62.25,62.25,62.25,31125,62.25,62.25,500,2019-10-30
5db7c182ceaf66de2fef6f79,62.25,62.25,62.25,62.25,31125,62.25,62,500,2019-10-29
5db27b81ceaf66de2fef6ebf,62,62,62,62,18600,62,62,300,2019-10-25
5db12a01ceaf66de2fef6e8a,62,62,62,62,18600,62,65.25,300,2019-10-24
5dafd882ceaf66de2fef6e29,66,66,65,65,45600,65.14,72,700,2019-10-23
5da94101ceaf66de2fef6d95,72,72,72,72,7200,72,72,100,2019-10-18
5da7ef81ceaf66de2fef6d4a,72,72,72,72,7200,72,72,100,2019-10-17
5da0216c2f579d0d82065974,72,72,72,72,7200,72,66,100,2019-10-11
5d9d7e6c2f579d0d8206592c,66,66,66,66,19800,66,66,300,2019-10-09
5d9c57d02f579d0d820658e4,66,66,66,66,6600,66,66,100,2019-10-08
5d9adb622f579d0d820658a1,72,72,72,72,14400,72,80,200,2019-10-07
5d92f26c2f579d0d8206578a,80,80,80,80,80000,80,80,1000,2019-10-01
5d81ceb03a14f167340583b7,80,80,80,80,24000,80,80,300,2019-09-18
5d7b3af83a14f16734058320,80,80,80,80,120000,80,84.5,1500,2019-09-13
5d79e9703a14f167340582d5,84.5,84.5,84.5,84.5,84500,84.5,84.5,1000,2019-09-12
5d7741a33a14f1673405821f,84.5,84.5,84.5,84.5,42250,84.5,84.5,500,2019-09-10
5d7200753a14f167340581b6,85,85,85,85,19550000,85,85,230000,2019-09-06
5d70aef03a14f1673405817c,84.5,85,84.5,85,135250,84.53,84.5,1600,2019-09-05
5d6f5d763a14f16734058139,84.5,84.5,84.5,84.5,25350,84.5,84.5,300,2019-09-04
5d6e0bfc3a14f167340580f0,84.5,84.5,84.5,84.5,169000,84.5,84.5,2000,2019-09-03
5d6cba773a14f167340580aa,83.5,84.5,82,84.5,58950,84.21,83.5,700,2019-09-02
5d68c2303a14f1673405802b,80,80,80,80,272000,80,80,3400,2019-08-30
5d6774703a14f1673405801c,80,80,80,80,640000,80,80,8000,2019-08-29
5d661e373a14f16734057fa6,80,80,80,80,640000,80,80,8000,2019-08-28
5d5f87af3a14f16734057ecf,80,82,80,81.75,259925,81.23,81.75,3200,2019-08-23
5d5b932f3a14f16734057dff,82,82,80,80,499200,81.84,82,6100,2019-08-20
5d5258b03a14f16734057c9f,82,82,82,82,180400,82,82,2200,2019-08-13
5d4bc12f3a14f16734057c10,80,80,80,80,480000,80,80,6000,2019-08-08
5d491e303a14f16734057b82,80,80,80,80,48000,80,80,600,2019-08-06
5d43d82f3a14f16734057af8,80,80,80,80,8000,80,80,100,2019-08-02
5d428a1f3a14f16734057ae6,80.25,80.25,80,80,1259250,80.21,80,15700,2019-08-01
5d41352f3a14f16734057a72,80,80,80,80,24000,80,80,300,2019-07-31
5d3e95f03a14f16734057a1e,84.5,84.5,80,80,114250,81.61,81.5,1400,2019-07-29
5d3aa1703a14f167340579cb,80,81,80,81,24100,80.33,80.25,300,2019-07-26
5d37fe713a14f16734057941,80,80,80,80,40000,80,80,500,2019-07-24
5d36a9303a14f167340578cd,80,84.5,80,84.5,279450,82.19,82,3400,2019-07-23
5d3015713a14f16734057826,84.5,84.5,84.5,84.5,42250,84.5,84.5,500,2019-07-18
5d2ec3f03a14f167340577ed,84.75,84.75,84.5,84.5,50725,84.54,84.5,600,2019-07-17
5d2c1d2f3a14f1673405772b,84,84,80,84,128400,80.25,84.5,1600,2019-07-15
5d2828af3a14f167340576e6,84.5,84.5,84.5,84.5,8450,84.5,84.5,100,2019-07-12
5d2585af3a14f16734057657,85,85,84.5,84.5,25400,84.67,84,300,2019-07-10
5d2437f03a14f16734057632,84,84,84,84,16800,84,80,200,2019-07-09
5d2308903a14f167340575cb,80,80,80,80,104000,80,80,1300,2019-07-08
5d1d9c0e3a14f16734057584,80,80,80,80,8000,80,86.75,100,2019-07-04
5d1af90f3a14f167340574f9,87,87,86.5,86.5,182650,86.98,86.75,2100,2019-07-02
5d1461973a14f16734057428,87,87,87,87,8700,87,87,100,2019-06-27
5d13101a3a14f167340573e2,84,84,84,84,16800,84,84,200,2019-06-26
5d106d1c3a14f1673405735e,82,82,82,82,49200,82,82,600,2019-06-24
5d0c78a23a14f16734057312,82,82,80,80,16200,81,81,200,2019-06-21
5d0b27233a14f167340572cf,82,82,82,82,65600,82,82,800,2019-06-20
5d09d5a43a14f16734057283,82,82,82,82,106600,82,82,1300,2019-06-19
5d01ecad3a14f1673405716c,82,82,82,82,82000,82,82,1000,2019-06-13
5cff49b03a14f167340570e5,82,82,82,82,492000,82,82,6000,2019-06-11
5cf60f3b3a14f16734056fcb,80,80,80,80,24000,80,80,300,2019-06-04
5cf4bdbb3a14f16734056f8c,80,81,80,81,792100,80.01,80,9900,2019-06-03
5cef77c33a14f16734056efd,84.5,84.5,80,80,100950,84.13,84,1200,2019-05-30
5ce78eca3a14f16734056de8,84.5,84.5,84,84,101300,84.42,84.25,1200,2019-05-24
5ce39a503a14f16734056d57,80,80,80,80,24000,80,83,300,2019-05-21
5cde54563a14f16734056ccc,84.5,84.5,80,80,124500,83,83,1500,2019-05-17
5cdd02d73a14f16734056c85,80,80,80,80,8000,80,80,100,2019-05-16
5cdbb1583a14f16734056c40,80,80,80,80,8000,80,80,100,2019-05-15
5cda5fdc3a14f16734056bfb,80,84.5,80,84.5,92500,84.09,84,1100,2019-05-14
5cd90e5b3a14f16734056b9b,81,81,81,81,8100,81,81,100,2019-05-13
5cd519e03a14f16734056b4b,80,80,80,80,32000,80,80,400,2019-05-10
5cd3c8623a14f16734056b0a,81,84.5,81,84,303600,84.33,84.25,3600,2019-05-09
5ccbdf6b3a14f167340569e6,84.5,84.5,84.5,84.5,84500,84.5,84.5,1000,2019-05-03
5cca8ded3a14f167340569a1,80,80,80,80,40000,80,80,500,2019-05-02
5cc001f93a14f16734056842,81.25,84.5,81.25,84.5,108875,83.75,83.75,1300,2019-04-24
5cbeb07a3a14f1673405680d,81,81,81,81,8100,81,81,100,2019-04-23
5cb576063a14f16734056724,80,84.5,80,84,307800,83.19,80,3700,2019-04-16
5cb424883a14f167340566e1,80,80,80,80,8000,80,80,100,2019-04-15
5caede8e3a14f16734056650,80,80,80,80,16000,80,82,200,2019-04-11
5cad8d0f3a14f1673405660c,82,82,82,82,32800,82,82,400,2019-04-10
5cac3b913a14f167340565c3,82,82,80,80,286600,81.89,81.75,3500,2019-04-09
5caaea123a14f1673405657f,80,84,80,80,264800,80.24,80,3300,2019-04-08
5ca5a41a3a14f167340564ee,84,84,84,84,84000,84,84,1000,2019-04-04
5ca4529a3a14f167340564a9,84,84,84,84,168000,84,84,2000,2019-04-03
5ca317743a14f16734056461,84,84,80,82,1102600,82.28,81,13400,2019-04-02
5c9b18253a14f1673405638c,84,84.5,84,84.5,92900,84.45,84.25,1100,2019-03-27
5c99c6773a14f16734056346,84,84,84,84,33600,84,84,400,2019-03-26
5c9874f93a14f16734056303,84.5,84.5,80,80,324500,81.13,81,4000,2019-03-25
5c8f3a853a14f167340561a7,84.5,84.5,84.5,84.5,169000,84.5,84.5,2000,2019-03-18
5c8b460a3a14f16734056162,84.5,84.5,80,80,132500,82.81,82.75,1600,2019-03-15
5c89f48c3a14f16734056118,85,85,84.5,84.5,730500,84.94,84.75,8600,2019-03-14
5c88a30e3a14f167340560d3,84.5,84.5,80,80,238750,82.33,82.25,2900,2019-03-13
5c8751933a14f1673405608b,84.5,84.5,84.5,84.5,169000,84.5,84.5,2000,2019-03-12
5c8600123a14f16734056045,84.5,84.5,80,80,419250,83.85,83.75,5000,2019-03-11
5c820b953a14f16734056000,80,81,80,81,40100,80.2,80,500,2019-03-08
5c7f689b3a14f16734055f73,80,80,80,80,40000,80,80,500,2019-03-06
5c7e171b3a14f16734055f2b,80,80,80,80,40000,80,80,500,2019-03-05
5c7cd5db3a14f16734055ee8,80,81,80,81,304200,80.05,80,3800,2019-03-04
5c777fa43a14f16734055e56,84.5,84.5,80,80,64550,80.69,80.5,800,2019-02-28
5c762e293a14f16734055e12,80,84.5,80,80,301500,83.75,83.75,3600,2019-02-27
5c74dca83a14f16734055dcc,82,82,80,80.5,477700,80.97,80.75,5900,2019-02-26
5c739a8c3a14f16734055daa,80.5,80.5,80.5,80.5,16100,80.5,80.5,200,2019-02-25
5c6f96b13a14f16734055d40,80.5,81,80.5,81,40300,80.6,80.5,500,2019-02-22
5c6cf3b43a14f16734055cb3,80.5,80.5,80.5,80.5,120750,80.5,80.5,1500,2019-02-20
5c6ba2353a14f16734055c6c,84.5,84.5,80.5,80.5,293750,83.93,83.75,3500,2019-02-19
5c6a50b83a14f16734055c28,81,81,80.5,80.5,161750,80.88,80.75,2000,2019-02-18
5c665c3d3a14f16734055be1,80.5,80.5,80.5,80.5,120750,80.5,80.5,1500,2019-02-15
5c650abf3a14f16734055b96,80.5,80.5,80.5,80.5,40250,80.5,80.5,500,2019-02-14
5c63b9443a14f16734055b50,80.5,80.5,80.5,80.5,64400,80.5,80.5,800,2019-02-13
5c6267c13a14f16734055b0b,80.5,80.5,80.5,80.5,40250,80.5,80.5,500,2019-02-12
5c6116423a14f16734055ac7,80.5,80.5,80.5,80.5,40250,80.5,80.5,500,2019-02-11
5c5d21c83a14f16734055a80,80.5,80.5,80.5,80.5,72450,80.5,80.5,900,2019-02-08
5c5befb93a14f16734055a39,80.5,80.5,80.5,80.5,88550,80.5,80.5,1100,2019-02-07
5c5a7ecd3a14f167340559e5,80.5,80.5,80.5,80.5,40250,80.5,80.5,500,2019-02-06
5c592d503a14f167340559a3,80.5,80.5,80.5,80.5,40250,80.5,80.5,500,2019-02-05
5c57db9e3a14f16734055962,80.25,80.25,80.25,80.25,40125,80.25,80.25,500,2019-02-04
5c53e7203a14f16734055920,80.25,80.25,80.25,80.25,56175,80.25,80.25,700,2019-02-01
5c5295a33a14f167340558dc,80.25,80.25,80.25,80.25,40125,80.25,80.25,500,2019-01-31
5c5144253a14f16734055897,80,80,80,80,56000,80,80,700,2019-01-30
5c4ff2a73a14f16734055852,80,80,80,80,376000,80,80,4700,2019-01-29
5c4ea12c3a14f1673405580f,80,80,80,80,32000,80,80,400,2019-01-28
5c4aacad3a14f167340557c8,80,80,80,80,80000,80,80,1000,2019-01-25
5c495b303a14f1673405577f,80,80,80,80,96000,80,80,1200,2019-01-24
5c4809b13a14f1673405573b,80,80,80,80,8000,80,80,100,2019-01-23
5c46b8323a14f167340556f6,80,80,80,80,560000,80,80,7000,2019-01-22
5c4566b53a14f167340556b3,80,80,80,80,40000,80,80,500,2019-01-21
5c41723a3a14f1673405566c,80,80,80,80,120000,80,80,1500,2019-01-18
5c4020bd3a14f16734055625,80,80,80,80,40000,80,80,500,2019-01-17
5c3ecf3d3a14f167340555df,80,80,80,80,40000,80,80,500,2019-01-16
5c3d7dc03a14f1673405559a,80,80,80,80,48000,80,80,600,2019-01-15
5c36e64a3a14f167340554c6,80,80,80,80,1576000,80,80,19700,2019-01-10
5c3594e33a14f16734055481,80,80,80,80,40000,80,80,500,2019-01-09
5c34434c3a14f1673405543c,80,80,80,80,56000,80,80,700,2019-01-08
5c2efd6a3a14f167340553b0,80,80,80,80,40000,80,80,500,2019-01-04
5c2c5a6c3a14f16734055326,80,80,80,80,72000,80,80,900,2019-01-02
5c29b6433a14f167340552e1,80,80,80,80,48000,80,80,600,2018-12-31
5c25c1c53a14f16734055297,83,83,80,80,88475,80.43,80.25,1100,2018-12-28
5c2474f0cd58d4b063bba7c7,80,80,80,80,120000,80,80,1500,2018-12-27
5c207bcecd58d4b063bba778,80,80.25,80,80.25,344025,80.01,80,4300,2018-12-24
5c1c8753cd58d4b063bba733,80,80,80,80,80000,80,80,1000,2018-12-21
5c1b35d2cd58d4b063bba6ea,80,80,80,80,128000,80,80,1600,2018-12-20
5c19e455cd58d4b063bba6a5,80,80,80,80,16000,80,80,200,2018-12-19
5c1892d5cd58d4b063bba662,80,80,80,80,72000,80,80,900,2018-12-18
5c11fb5dcd58d4b063bba5c9,80,80,80,80,40000,80,80,500,2018-12-13
5c0f5865cd58d4b063bba57c,80,80,80,80,88000,80,80,1100,2018-12-11
5c0e06e2cd58d4b063bba532,80,80,80,80,264000,80,80,3300,2018-12-10
5c0a1265cd58d4b063bba4e5,80,80,80,80,40000,80,80,500,2018-12-07
5c08c3a0cd58d4b063bba495,80,80,80,80,272000,80,80,3400,2018-12-06
5c076f6bcd58d4b063bba44c,80,80,80,80,56000,80,80,700,2018-12-05
5c061de9cd58d4b063bba401,80,80,80,80,400000,80,80,5000,2018-12-04
5c04cc6ecd58d4b063bba3b7,80,80,80,80,144000,80,80,1800,2018-12-03
5bfb91f9cd58d4b063bba23a,80,80,80,80,8000,80,80,100,2018-11-26
5bf64bfdcd58d4b063bba1a0,80,80,80,80,64000,80,80,800,2018-11-22
5bf4fa7dcd58d4b063bba155,80,80,80,80,40000,80,80,500,2018-11-21
5bf3a8ffcd58d4b063bba10a,80,80,80,80,920000,80,80,11500,2018-11-20
5bf25781cd58d4b063bba0c1,80,80,80,80,128000,80,80,1600,2018-11-19
5bee6310cd58d4b063bba074,80,80,80,80,72000,80,80,900,2018-11-16
5bed118ecd58d4b063bba026,85,85,85,85,8500,85,85,100,2018-11-15
5bea770fcd58d4b063bb9f95,80,80,80,80,128000,80,80,1600,2018-11-13
5be28597cd58d4b063bb9eac,80,81,80,81,280100,80.03,80,3500,2018-11-07
5be14273cd58d4b063bb9e65,80,80,80,80,8000,80,80,100,2018-11-06
5bdbedfccd58d4b063bb9e16,80,80,80,80,32000,80,80,400,2018-11-02
5bd94b03cd58d4b063bb9d7b,80,80,80,80,216000,80,80,2700,2018-10-31
5bd7f984cd58d4b063bb9d31,80,80,80,80,40000,80,80,500,2018-10-30
5bd6a807cd58d4b063bb9cf6,80,80,80,80,208000,80,80,2600,2018-10-29
5bd2b3afcd58d4b063bb9c95,80,80,80,80,64000,80,80,800,2018-10-26
5bd16211cd58d4b063bb9c49,80,80,80,80,40000,80,80,500,2018-10-25
5bd01093cd58d4b063bb9c00,80,80,80,80,48000,80,80,600,2018-10-24
5bcebf16cd58d4b063bb9bb7,80,80,80,80,40000,80,80,500,2018-10-23
5bcd6d98cd58d4b063bb9b6c,80,80,80,80,192000,80,80,2400,2018-10-22
5bc9791fcd58d4b063bb9b1f,80,80,80,80,360000,80,80,4500,2018-10-19
5bc827a2cd58d4b063bb9ad3,86,86,79,79,458200,84.85,84.5,5400,2018-10-18
5bc43329cd58d4b063bb99f2,79,79,79,79,15800,79,79,200,2018-10-15
5bb70442cd58d4b063bb9878,86,86,84,84,4290000,85.8,85.5,50000,2018-10-05
5bb5b2c4cd58d4b063bb982a,84,84,84,84,1411200,84,84,16800,2018-10-04
5bb46147cd58d4b063bb97df,84,84,84,84,50400,84,84,600,2018-10-03
5bb30fc9cd58d4b063bb9793,84,85,84,84,1279300,84.16,84,15200,2018-10-02
5bb1f797cd58d4b063bb9750,84,84,84,84,277200,84,84,3300,2018-10-01
5ba9d538cd58d4b063bb961e,84,84,84,84,1117200,84,84,13300,2018-09-25
5ba883bacd58d4b063bb95d2,85,85,78,83,1587350,84.43,84,18800,2018-09-24
5ba48f41cd58d4b063bb9588,78,80,78,78,1343400,79.96,79.5,16800,2018-09-21
5ba33dc3cd58d4b063bb953a,78,85,78,78,2660350,81.36,81,32700,2018-09-20
5b9b54d2cd58d4b063bb940d,83.5,79,79,79,7900,79,83.5,100,2018-09-14
5b90c8e6cd58d4b063bb9244,83.5,83.5,83.5,83.5,8350,83.5,83.5,100,2018-09-06
5b878e75cd58d4b063bb90c8,79,79,79,79,7900,79,79,100,2018-08-30
5b84eb7acd58d4b063bb9031,79,80,79,80,150200,79.05,79,1900,2018-08-28
5b8399fccd58d4b063bb8fe6,79,79,70,70,283500,78.75,78.5,3600,2018-08-27
5b7fa58ecd58d4b063bb8f9b,72,72,72,72,14400,72,72,200,2018-08-24
5b7e540dcd58d4b063bb8f4d,79,79,79,79,31600,79,79,400,2018-08-23
5b7a7d97cd58d4b063bb8ec6,72,72,72,72,14400,72,72,200,2018-08-20
5b75198acd58d4b063bb8e1b,66,66,66,66,6600,66,65,100,2018-08-16
5b73c813cd58d4b063bb8dd1,66,66,65,65,189400,65.31,65,2900,2018-08-15
5b727692cd58d4b063bb8d86,63,63,63,63,6300,63,63,100,2018-08-14
5b71252ccd58d4b063bb8d3b,57.5,57.5,57.5,57.5,34500,57.5,57.5,600,2018-08-13
5b693c2dcd58d4b063bb8c0b,55,55,55,55,11000,55,55,200,2018-08-07
5b67eac1cd58d4b063bb8bbf,55,55,55,55,665500,55,55,12100,2018-08-06
5b62a4adcd58d4b063bb8b26,54,54,54,54,10800,54,54,200,2018-08-02
5b615321cd58d4b063bb8adb,54,54,54,54,5400,54,54,100,2018-08-01
5b6001a4cd58d4b063bb8a90,54,54,54,54,81000,54,54,1500,2018-07-31
5b5eb02fcd58d4b063bb8a45,54,54,54,54,10800,54,54,200,2018-07-30
5b557572cd58d4b063bb8911,50,56,50,56,30800,51.33,51,600,2018-07-23
5b502f7bcd58d4b063bb8878,50.5,56,50.5,56,56100,51,51,1100,2018-07-19
5b48468bcd58d4b063bb8750,59,59,59,59,5900,59,59,100,2018-07-13
5b46f6b7cd58d4b063bb8703,65,65,65,65,6500,65,72,100,2018-07-12
5b45a390cd58d4b063bb86b8,72,72,72,72,7200,72,80,100,2018-07-11
5b430099cd58d4b063bb8621,80,80,80,80,40000,80,80,500,2018-07-09
5b3dbd5ccd58d4b063bb8588,80,80,80,80,24000,80,80,300,2018-07-05
5b3b17a2cd58d4b063bb84f2,80,80,80,80,8000,80,80,100,2018-07-03
5b39c625cd58d4b063bb84a7,80,80,80,80,24000,80,80,300,2018-07-02
5b35e5dccd58d4b063bb820a,80,80,80,80,32000,80,80,400,2018-06-29
5b348030cd58d4b063bb81c1,80,80,80,80,168000,80,80,2100,2018-06-28
5b332eb2cd58d4b063bb817a,80,80,80,80,16000,80,80,200,2018-06-27
5b31dd33cd58d4b063bb8133,83,83,83,83,871500,83,83,10500,2018-06-26
5b308bb6cd58d4b063bb80ec,83,83,83,83,41500,83,83,500,2018-06-25
5b2c973dcd58d4b063bb80a5,83,83,83,83,33200,83,83,400,2018-06-22
5b2b45c0cd58d4b063bb805b,84.5,84.5,84.5,84.5,50700,84.5,84.5,600,2018-06-21
5b29f441cd58d4b063bb8014,84.5,84.5,84.5,84.5,8450,84.5,84.5,100,2018-06-20
5b28a2c4cd58d4b063bb7fcd,84,84,84,84,16800,84,84.5,200,2018-06-19
5b277b75cd58d4b063bb7f88,85,85,84.5,84.5,195400,84.96,84.5,2300,2018-06-18
5b220b10cd58d4b063bb7f41,84.5,85,84.5,85,126800,84.53,85,1500,2018-06-14
5b20b990cd58d4b063bb7efa,84.5,85.5,84.5,85.5,59650,85.21,85,700,2018-06-13
5b1f6812cd58d4b063bb7eb3,85.5,85.5,85.5,85.5,17100,85.5,85.5,200,2018-06-12
5b18d09dcd58d4b063bb7ddb,85.5,85.5,85.5,85.5,324900,85.5,85.5,3800,2018-06-07
5b177f1fcd58d4b063bb7d93,85.5,85.5,85.5,85.5,94050,85.5,85.5,1100,2018-06-06
5b14dc24cd58d4b063bb7d14,86,86,85,85,17100,85.5,85.5,200,2018-06-04
5b0f962ccd58d4b063bb7cb9,83,83,83,83,16600,83,83,200,2018-05-31
5b0e44afcd58d4b063bb7c6f,83,83,83,83,33200,83,83,400,2018-05-30
5b0cf330cd58d4b063bb7c28,83,83,83,83,1693200,83,83,20400,2018-05-29
5b07ad3bcd58d4b063bb7b9a,83,83,83,83,16600,83,83,200,2018-05-25
5b065bbecd58d4b063bb7b53,83,83,83,83,16600,83,83,200,2018-05-24
5b03b8c5cd58d4b063bb7ac5,83,83,83,83,215800,83,83,2600,2018-05-22
5afe72cccd58d4b063bb7a37,87.5,87.5,87.5,87.5,8750,87.5,87.5,100,2018-05-18
5afd214ecd58d4b063bb79ed,80,80,80,80,264000,80,80,3300,2018-05-17
5afbcfcecd58d4b063bb79a5,80,80,80,80,8000,80,84,100,2018-05-16
5af92cd5cd58d4b063bb7918,84,84,84,84,386400,84,84,4600,2018-05-14
5af53880cd58d4b063bb78d0,80,80,80,80,128000,80,80,1600,2018-05-11
5af3e686cd58d4b063bb7885,80,80,80,80,56000,80,80,700,2018-05-10
5af1438acd58d4b063bb77f8,80,80,80,80,40000,80,80,500,2018-05-08
5aebfd95cd58d4b063bb7769,85,85,85,85,1462000,85,85,17200,2018-05-04
5ae95a9bcd58d4b063bb76e9,80,80,80,80,24000,80,80,300,2018-05-02
5ae2c324cd58d4b063bb7649,85,85,85,85,25500,85,85,300,2018-04-27
5add7c9adb8839385c21ebdf,80,80,80,80,200000,80,80,2500,2018-04-23
5ad836a5db8839385c21eb46,81,81,80,80,48100,80.17,80,600,2018-04-19
5ad6e526db8839385c21eafb,84,84,80,80.5,874450,80.97,80.5,10800,2018-04-18
5ad593aadb8839385c21eab0,80.5,80.5,80.5,80.5,96600,80.5,80.5,1200,2018-04-17
5ad04db4db8839385c21ea1a,80.5,80.5,80.5,80.5,8050,80.5,80.5,100,2018-04-13
5acb07badb8839385c21e8eb,80,80,80,80,88000,80,80,1100,2018-04-09
5ac71340db8839385c21e89f,81,82,81,81,625700,81.26,81,7700,2018-04-06
5ac5c1c3db8839385c21e852,81.5,81.5,81.5,81.5,8150,81.5,81.5,100,2018-04-05
5ac47046db8839385c21e807,85,85,81,81,439400,81.37,81,5400,2018-04-04
5ac31ec7db8839385c21e7cd,81,81,81,81,24300,81,81,300,2018-04-03
5abc8753db8839385c21e771,81,81,81,81,648000,81,81,8000,2018-03-29
5abb35d8db8839385c21e723,81,81.5,81,81.5,802800,81.09,81,9900,2018-03-28
5ab892d9db8839385c21e68c,81,82,81,81,186800,81.22,81,2300,2018-03-26
5ab49e66db8839385c21e642,81,81,81,81,32400,81,81,400,2018-03-23
5ab1fb65db8839385c21e5a8,82,82,82,82,131200,82,82,1600,2018-03-21
5ab0a9e9db8839385c21e55d,81,81,81,81,162000,81,81,2000,2018-03-20
5aab63f3db8839385c21e4c7,81,81,81,81,24300,81,81,300,2018-03-16
5aa8f127db8839385c21e432,83,83,81,81,324600,81.15,82,4000,2018-03-14
5aa76f77db8839385c21e3e8,84,84,81,81,24600,82,81,300,2018-03-13
5aa61df9db8839385c21e39b,81,81,81,81,32400,81,81,400,2018-03-12
5aa2297fdb8839385c21e34e,81,81.5,81,81.5,32450,81.13,81,400,2018-03-09
5aa0d802db8839385c21e2ff,81,81,81,81,48600,81,81,600,2018-03-08
5a9f8684db8839385c21e2b1,81,81,81,81,8100,81,81,100,2018-03-07
5a9e3507db8839385c21e264,81,81,81,81,267300,81,81,3300,2018-03-06
5a9ce38bdb8839385c21e216,81,81,81,81,48600,81,82,600,2018-03-05
5a98ef10db8839385c21e1c9,82,82,82,82,106600,82,81.5,1300,2018-03-02
5a979d92db8839385c21e179,82,82,81,81,344200,81.95,80,4200,2018-03-01
5a964c6edb8839385c21e12c,81,81,78,78,264100,80.03,78,3300,2018-02-28
5a94fa97db8839385c21e0df,78,78,78,78,101400,78,78.5,1300,2018-02-27
5a8fb49edb8839385c21e045,78.5,78.5,78.5,78.5,7850,78.5,79.5,100,2018-02-23
5a8e6320db8839385c21dff5,80,80,78,80,736000,80,82,9200,2018-02-22
5a8d11a6db8839385c21dfa7,82,82,82,82,8200,82,78,100,2018-02-21
5a8bc026db8839385c21df5a,78,78,78,78,39000,78,80.5,500,2018-02-20
5a8a6ea7db8839385c21df0d,78,82,78,82,153800,80.95,82,1900,2018-02-19
5a8528b1db8839385c21de71,82,82,82,82,1090600,82,82,13300,2018-02-15
5a8285b5db8839385c21ddd7,82,82,82,82,16400,82,79.5,200,2018-02-13
5a813437db8839385c21dd99,79.5,79.5,79.5,79.5,7950,79.5,79.5,100,2018-02-12
5a7d3f96db8839385c21dd3c,79.5,79.5,79.5,79.5,7950,79.5,79,100,2018-02-09
5a7bee19db8839385c21dced,79,79,79,79,7900,79,79.5,100,2018-02-08
5a7a9c9bdb8839385c21dca1,79.5,79.5,79.5,79.5,15900,79.5,78,200,2018-02-07
5a794b1ddb8839385c21dc57,78,78,78,78,39000,78,78,500,2018-02-06
5a72b3a9db8839385c21db67,78,78,78,78,234000,78,78,3000,2018-02-01
5a6ebf2fdb8839385c21da7c,78,78,78,78,93600,78,78,1200,2018-01-29
5a6acab5db8839385c21da31,78,78,78,78,15600,78,78,200,2018-01-26
5a6827badb8839385c21d997,78,78,78,78,600600,78,79.5,7700,2018-01-24
5a65a32bdb8839385c21d908,80,80,78,78,565850,79.7,78,7100,2018-01-22
5a603ecbdb8839385c21d863,78,78,78,78,15600,78,78,200,2018-01-18
5a5eed4cdb8839385c21d818,78,78,78,78,15600,78,78,200,2018-01-17
5a5d9bd2db8839385c21d7cd,78,78,78,78,7800,78,79,100,2018-01-16
5a5c4a50db8839385c21d781,79,79,79,79,15800,79,78.5,200,2018-01-15
5a5855d6db8839385c21d736,80,80,78,78,23600,78.67,78,300,2018-01-12
5a57045adb8839385c21d6e9,80,80,78,78,211400,78.3,78,2700,2018-01-11
5a55b2dcdb8839385c21d69e,78,78,78,78,405600,78,80,5200,2018-01-10
5a54615edb8839385c21d611,80,80,80,80,8000,80,79,100,2018-01-09
5a530fe4db8839385c21d5c7,79,79,79,79,79000,79,78.5,1000,2018-01-08
5a4f1b66db8839385c21d57c,77.5,79,77.5,79,845000,78.97,80,10700,2018-01-05
5a4c77b55ebb112f4df6dc9c,80,80,80,80,80000,80,80,1000,2018-01-03
5a45e03b5ebb112f4df6dc06,80,80,80,80,16000,80,76,200,2017-12-29
5a434bcd5ebb112f4df6db7c,76,76,76,76,45600,76,76,600,2017-12-27
5a38924a5ebb112f4df6c815,76,76,76,76,0,76,0,200,2017-12-15
5a38924a5ebb112f4df6c816,76,76,76,76,0,76,0,500,2017-12-11
5a38924a5ebb112f4df6c817,76,76,76,76,0,76,0,400,2017-12-07
5a38924a5ebb112f4df6c818,75,75,75,75,0,75,0,200,2017-12-06
5a38924a5ebb112f4df6c819,76,76,76,76,0,76,0,5800,2017-12-05
5a38924a5ebb112f4df6c81a,78,80,76,80,0,78,0,500,2017-12-01
5a38924a5ebb112f4df6c81b,79.5,79.5,79.5,79.5,0,79.5,0,200,2017-11-29
5a38924a5ebb112f4df6c81c,76,76,76,76,0,76,0,600,2017-11-27
5a38924a5ebb112f4df6c81d,76,76,76,76,0,76,0,12300,2017-11-24
5a38924a5ebb112f4df6c81e,76,76,76,76,0,76,0,5100,2017-11-23
5a38924a5ebb112f4df6c81f,77,77,77,77,0,77,0,3900,2017-11-22
5a38924a5ebb112f4df6c820,76,76,76,76,0,76,0,100,2017-11-21
5a38924a5ebb112f4df6c824,76,76,76,76,0,76,0,100,2017-11-20
5a38924a5ebb112f4df6c821,76,76,76,76,0,76,0,200,2017-11-17
5a38924a5ebb112f4df6c822,76,76,76,76,0,76,0,3300,2017-11-16
5a38924a5ebb112f4df6c823,76,77,76,76,0,76,0,300,2017-11-15
5a38924a5ebb112f4df6c825,76,76,76,76,0,76,0,3400,2017-11-14
5a38924a5ebb112f4df6c826,79,79,79,79,0,79,0,100,2017-11-13
5a38924a5ebb112f4df6c827,77,77,77,77,0,77,0,2000,2017-11-09
5a38924a5ebb112f4df6c828,77,77,77,77,0,77,0,500,2017-11-08
5a38924a5ebb112f4df6c830,77,77,77,77,0,77,0,300,2017-11-03
5a38924a5ebb112f4df6c829,80,80,80,80,0,80,0,100,2017-10-31
5a38924a5ebb112f4df6c82a,80,80,80,80,0,80,0,400,2017-10-30
5a38924a5ebb112f4df6c82b,76,76,76,76,0,76,0,100,2017-10-27
5a38924a5ebb112f4df6c82c,76,76,76,76,0,76,0,500,2017-10-24
5a38924a5ebb112f4df6c82d,76,76,76,76,0,76,0,2300,2017-10-23
5a38924a5ebb112f4df6c82e,76,76,76,76,0,76,0,1400,2017-10-19
5a38924a5ebb112f4df6c82f,76,76,76,76,0,76,0,5100,2017-10-18
5a38924a5ebb112f4df6c831,76,76,76,76,0,76,0,3000,2017-10-17
5a38924a5ebb112f4df6c832,76,76,76,76,0,76,0,100,2017-10-16
5a38924a5ebb112f4df6c833,76,77,76,77,0,76,0,600,2017-10-13
5a38924a5ebb112f4df6c834,76,76,76,76,0,76,0,3900,2017-10-11
5a38924a5ebb112f4df6c835,76,76,76,76,0,76,0,3100,2017-10-10
5a38924a5ebb112f4df6c837,76,76,76,76,0,76,0,8000,2017-10-09
5a38924a5ebb112f4df6c836,76,76,76,76,0,76,0,2000,2017-10-04
5a38924a5ebb112f4df6c83e,76,76,76,76,0,76,0,500,2017-10-02
5a38924a5ebb112f4df6c838,76,77,76,76,0,76,0,6300,2017-09-29
5a38924a5ebb112f4df6c839,76,76,76,76,0,76,0,3000,2017-09-28
5a38924a5ebb112f4df6c83a,76,76.5,76,76.5,0,76,0,3800,2017-09-27
5a38924a5ebb112f4df6c83b,76,76,76,76,0,76,0,100,2017-09-25
5a38924a5ebb112f4df6c83c,76,76,76,76,0,76,0,200,2017-09-22
5a38924a5ebb112f4df6c83d,76,76,76,76,0,76,0,400,2017-09-20
5a38924a5ebb112f4df6c83f,76,77,76,77,0,76,0,10900,2017-09-19
5a38924a5ebb112f4df6c840,77,77,77,77,0,77,0,100,2017-09-18
5a38924a5ebb112f4df6c841,80,80,80,80,0,80,0,200,2017-09-12
5a38924a5ebb112f4df6c842,76,76,76,76,0,76,0,600,2017-09-11
5a38924a5ebb112f4df6c843,76,76,76,76,0,76,0,300,2017-09-08
5a38924a5ebb112f4df6c844,76,76,76,76,0,76,0,2000,2017-09-07
5a38924a5ebb112f4df6c845,76,76,76,76,0,76,0,700,2017-09-06
5a38924a5ebb112f4df6c846,76.5,78,76,76,0,76.5,0,600,2017-09-05
5a38924a5ebb112f4df6c849,76,77,76,76,0,76,0,3400,2017-09-04
5a38924a5ebb112f4df6c848,77,78,76,78,0,77,0,1200,2017-09-01
5a38924a5ebb112f4df6c847,78,78,78,78,0,78,0,100,2017-08-31
5a38924a5ebb112f4df6c84b,78,78,78,78,0,78,0,100,2017-08-29
5a38924a5ebb112f4df6c84a,76,76,76,76,0,76,0,4600,2017-08-28
5a38924a5ebb112f4df6c84c,76,76,76,76,0,76,0,10000,2017-08-25
5a38924a5ebb112f4df6c84d,76.5,77,76,76,0,76.5,0,5100,2017-08-23
5a38924a5ebb112f4df6c84e,76.5,77,76.5,76.5,0,76.5,0,800,2017-08-22
5a38924a5ebb112f4df6c84f,78,82.5,76.5,82.5,0,78,0,2100,2017-08-21
5a38924a5ebb112f4df6c850,76.5,77,76,76,0,76.5,0,400,2017-08-18
5a38924a5ebb112f4df6c851,76,76,76,76,0,76,0,2700,2017-08-17
5a38924a5ebb112f4df6c852,75.5,76,75,75,0,75.5,0,19500,2017-08-16
5a38924a5ebb112f4df6c853,76,76,76,76,0,76,0,100,2017-08-15
5a38924a5ebb112f4df6c854,75,75,75,75,0,75,0,5700,2017-08-09
5a38924a5ebb112f4df6c855,72.5,75.5,72.5,73,0,72.5,0,1626200,2017-08-07
5a38924a5ebb112f4df6c856,75,75,75,75,0,75,0,2400,2017-08-04
5a38924a5ebb112f4df6c857,75,75,75,75,0,75,0,4600,2017-08-03
5a38924a5ebb112f4df6c858,73,73,73,73,0,73,0,5700,2017-08-02
5a38924a5ebb112f4df6c859,72.5,75,67.5,67.5,0,72.5,0,70100,2017-08-01
5a38924a5ebb112f4df6c85a,75,75.5,67.5,67.5,0,75,0,41600,2017-07-31
5a38924a5ebb112f4df6c85b,71,72.5,67,67,0,71,0,800,2017-07-28
5a38924a5ebb112f4df6c85c,74,74,74,74,0,74,0,100,2017-07-27
5a38924a5ebb112f4df6c85d,72.5,72.5,72.5,72.5,0,72.5,0,700,2017-07-26
5a38924a5ebb112f4df6c860,72.5,72.5,72,72.5,0,72.5,0,423300,2017-07-25
5a38924a5ebb112f4df6c85e,72,72.5,72,72,0,72,0,77600,2017-07-24
5a38924a5ebb112f4df6c85f,72,72.5,68,72.5,0,72,0,357000,2017-07-21
5a38924a5ebb112f4df6c861,70,70,70,70,0,70,0,300,2017-07-20
5a38924a5ebb112f4df6c862,72,72.5,70,72.5,0,72,0,341400,2017-07-19
5a38924a5ebb112f4df6c863,70,70,70,70,0,70,0,100,2017-07-17
5a38924a5ebb112f4df6c864,72.5,72.5,72.5,72.5,0,72.5,0,349000,2017-07-14
5a38924a5ebb112f4df6c865,72.5,72.5,72.5,72.5,0,72.5,0,800,2017-07-11
5a38924a5ebb112f4df6c866,72.5,72.5,72.5,72.5,0,72.5,0,3000,2017-07-10
5a38924a5ebb112f4df6c86e,72.5,72.5,72.5,72.5,0,72.5,0,345700,2017-07-07
5a38924a5ebb112f4df6c86d,72.5,73,72.5,73,0,72.5,0,1300,2017-07-06
5a38924a5ebb112f4df6c86f,72.5,76,70,76,0,72.5,0,285600,2017-07-05
5a38924a5ebb112f4df6c867,76,76,76,76,0,76,0,100,2017-07-04
5a38924a5ebb112f4df6c868,75.5,77,75,75,0,75.5,0,1800,2017-07-03
5a38924a5ebb112f4df6c869,72.5,75,72.5,75,0,72.5,0,488900,2017-06-30
5a38924a5ebb112f4df6c86a,76,77,76,76,0,76,0,1200,2017-06-29
5a38924a5ebb112f4df6c86b,71.5,71.5,71.5,71.5,0,71.5,0,600,2017-06-28
5a38924a5ebb112f4df6c86c,71.5,72,70,70,0,71.5,0,1100,2017-06-27
5a38924a5ebb112f4df6c870,65.5,66,64,64,0,65.5,0,5100,2017-06-23
5a38924a5ebb112f4df6c871,64,64,64,64,0,64,0,600,2017-06-22
5948c21b619ee69be01fa70d,59,60,57,60,0,0,59,1000,2017-06-20
59476abd619ee69be01fa5cb,62,62,62,62,0,62,57,600,2017-06-19
59437511619ee69be01fa468,57,0,0,0,0,57,57,0,2017-06-16
59422391619ee69be01fa33e,57,0,0,0,0,57,57,0,2017-06-15
5940d211619ee69be01fa1f5,57,0,0,0,0,57,57,0,2017-06-14
593f7fb6619ee69be01fa09e,57,57,57,57,0,57,57,100,2017-06-13
593e316e619ee69be01f9f40,57,57,57,57,0,57,57,1600,2017-06-12
593a3e15619ee69be01f9df4,57,0,0,0,0,57,57,0,2017-06-09
5938e912619ee69be01f9c95,57,0,0,0,0,57,57,0,2017-06-08
593799e9619ee69be01f9b3c,57,59,53.5,59,0,53.5,59,300,2017-06-07
5936473d619ee69be01f99f0,59,0,0,0,0,59,59,0,2017-06-06
5934f5bd619ee69be01f98a0,59,59,59,59,0,59,59,200,2017-06-05
59310396619ee69be01f9771,59,60,56.5,56.5,0,60,56.5,1200,2017-06-02
592e62ed619ee69be01f95e7,56.5,57,56.5,56.5,0,57,59,200,2017-05-31
592d1043619ee69be01f949b,59,59,59,59,0,59,56.5,500,2017-05-30
592bbfee619ee69be01f9346,56.5,56.5,56.5,56.5,0,56.5,56.5,200,2017-05-29
5927cb6d619ee69be01f920d,56.5,56.5,56.5,56.5,0,56.5,56.5,100,2017-05-26
5926753d619ee69be01f90c3,56.5,56.5,56.5,56.5,0,56.5,56.5,200,2017-05-25
59252ac5619ee69be01f8f68,56.5,56.5,56.5,56.5,0,56.5,56.5,300,2017-05-24
5923d113619ee69be01f8e16,56,56.5,56,56,0,56.5,56.5,1600,2017-05-23
592287c7619ee69be01f8cc7,56.5,0,0,0,0,56.5,56.5,0,2017-05-22
591e8b12619ee69be01f8b70,56.5,0,0,0,0,56.5,56.5,0,2017-05-19
591d3991619ee69be01f8a21,56.5,57,53,53,0,56,52,7000,2017-05-18
591be816619ee69be01f88d4,52,52,52,52,0,52,55,100,2017-05-17
591aa3b2619ee69be01f876f,55,56,51,51,0,51,51,2800,2017-05-16
59194514619ee69be01f8637,51,51,51,51,0,51,56,1300,2017-05-15
59155799619ee69be01f84e0,56,0,0,0,0,56,56,0,2017-05-12
5913ff11619ee69be01f844b,56,0,0,0,0,56,56,0,2017-05-11
5912b116619ee69be01f83ab,56,56,56,56,0,56,51,400,2017-05-10
5911632d619ee69be01f8323,51,51,51,51,0,51,51,600,2017-05-09
591012c5619ee69be01f8265,51,51,51,51,0,51,51,600,2017-05-08
590c1612619ee69be01f81e8,51,48.5,48.5,48.5,0,48.5,48,855100,2017-05-05
590acb99619ee69be01f815d,48,0,0,0,0,48,48,0,2017-05-04
5909756a619ee69be01f80ba,48,48,48,48,0,48,48.25,1000,2017-05-03
59084725619ee69be01f8030,48.25,48.5,48,48.5,0,48,48,2500,2017-05-02
5903081a619ee69be01f7f87,48,48,48,48,0,48,46,3500,2017-04-28
59019bbb619ee69be01f7f01,46.25,47,44.5,47,0,44.5,46,1300,2017-04-27
59003d42619ee69be01f7e60,46,46,46,46,0,46,44.5,1000,2017-04-26
58feea96619ee69be01f7df1,44.5,44.5,44.5,44.5,0,44.5,44.25,2300,2017-04-25
58fd9916619ee69be01f7d1f,44.25,44.25,44.25,44.25,0,44,44,700,2017-04-24
58f9a496619ee69be01f7c9a,44,0,0,0,0,44,44,0,2017-04-21
58f85444619ee69be01f7c02,44,0,0,0,0,44,44,0,2017-04-20
58f703f1619ee69be01f7bb0,44,0,0,0,0,44,44,0,2017-04-19
58f5aeeb619ee69be01f7af8,44,44.25,44,44.25,0,44.25,44.25,37200,2017-04-18
58ef3133619ee69be01f7a74,44.25,0,0,0,0,44.25,44.25,0,2017-04-13
58edc717619ee69be01f79d4,44.25,0,0,0,0,44.25,44.25,0,2017-04-12
58ec759a619ee69be01f7923,44.25,0,0,0,0,44.25,44.25,0,2017-04-11
58eb2416619ee69be01f7898,44.25,0,0,0,0,44.25,44.25,0,2017-04-10
58e72e6a619ee69be01f781b,44.25,0,0,0,0,44.25,44.25,0,2017-04-07
58e5e06d619ee69be01f778b,44.25,0,0,0,0,44.25,44.25,0,2017-04-06
58e49275619ee69be01f76d7,44.25,0,0,0,0,44.25,44.25,0,2017-04-05
58e338c0619ee69be01f7590,44.25,44.25,44.25,44.25,0,44.25,44,100,2017-04-04
58e1ee45619ee69be01f74d2,44,44,44,44,0,44,44.25,400,2017-04-03
58de0cc2619ee69be01f73b1,44.25,45.5,44.25,45.5,0,44.25,44,3300,2017-03-31
58dca4c2619ee69be01f7255,44,0,0,0,0,44,44,0,2017-03-30
58db5ef9619ee69be01f71c8,44,0,0,0,0,44,44,0,2017-03-29
58d9fd25619ee69be01f7131,44,44,44,44,0,44,44,300,2017-03-28
58d8af19619ee69be01f6fe5,44,44,44,44,0,44,46.25,900,2017-03-27
58d4b83e619ee69be01f6f49,46.25,47,43,43,0,47,43,700,2017-03-24
58d36c9a619ee69be01f6eae,43,0,0,0,0,43,43,0,2017-03-23
58d21551619ee69be01f6e0d,43,43,43,43,0,43,44,300,2017-03-22
58d0c999619ee69be01f6b74,44,44,44,44,0,44,46,300,2017-03-21
58cf7e46619ee69be01f6af8,46,46,46,46,0,46,42,100,2017-03-20
58cb8271619ee69be01f69b1,42,0,0,0,0,42,42,0,2017-03-17
58ca359f619ee69be01f6831,42,0,0,0,0,42,42,0,2017-03-16
58c8e41f619ee69be01f6788,42,0,0,0,0,42,42,0,2017-03-15
58c793c9619ee69be01f66f7,42,42,42,42,0,42,42,900,2017-03-14
58c63d9c619ee69be01f6686,42,0,0,0,0,42,42,0,2017-03-13
58c24b76619ee69be01f659b,42,0,0,0,0,42,42,0,2017-03-10
58c11869619ee69be01f6516,42,0,0,0,0,42,42,0,2017-03-09
58bfa297619ee69be01f6476,42,42,42,42,0,42,43,3600,2017-03-08
58be55c5619ee69be01f63e2,43,43,43,43,0,43,42,800,2017-03-07
58bd07c9619ee69be01f6354,42,43,42,43,0,42,42,600,2017-03-06
58b91f01619ee69be01f62c3,42,0,0,0,0,42,42,0,2017-03-03
58b7b536619ee69be01f6228,42,42,42,42,0,42,42.5,1000,2017-03-02
58b69a79619ee69be01f6195,42.5,43,42,43,0,42,43,300,2017-03-01
58b518ed619ee69be01f6105,43,0,0,0,0,43,43,0,2017-02-28
58b3c0a3619ee69be01f6071,43,43,43,43,0,43,43.5,300,2017-02-27
58afd096619ee69be01f5fe8,43.5,43.5,43.5,43.5,0,43.5,44,11700,2017-02-24
58ae816d619ee69be01f5f4f,44,0,0,0,0,44,44,0,2017-02-23
58ad3a79619ee69be01f5eb1,44,44,44,44,0,44,43.75,200,2017-02-22
58abe8fc619ee69be01f5e1f,43.75,44,43.5,43.5,0,43.5,43,1600,2017-02-21
58aa924f619ee69be01f5d8b,43,0,0,0,0,43,43,0,2017-02-20
58a6a427619ee69be01f5d01,43,43,43,43,0,43,46.25,200,2017-02-17
58a54111619ee69be01f5c5c,46.25,0,0,0,0,46.25,46.25,0,2017-02-16
58a3f611619ee69be01f5b0f,46.25,0,0,0,0,46.25,46.25,0,2017-02-15
58a2e66d619ee69be01f5ab4,46.25,0,0,0,0,46.25,46.25,0,2017-02-14
589aa781619ee69be01f4baf,45,45,45,45,4500,45,42,100,2017-02-08
58995046619ee69be01f4939,42,42,42,42,142800,42,42,3400,2017-02-07
589832bd619ee69be01f4736,42,42,42,42,16800,42,42,400,2017-02-06
5892bb56619ee69be01f41e0,42,42,42,42,142800,42,45,3400,2017-02-02
58901635619ee69be01f3cef,45,45,45,45,13500,45,42,300,2017-01-31
588ec62b619ee69be01f3a81,42,42,42,42,46200,42,41,1100,2017-01-30
588aceeb619ee69be01f3801,41,41,41,41,4100,41,42,100,2017-01-27
58897d91619ee69be01f358a,42,42.5,42,42.5,214350,42.029411764706,42,5100,2017-01-26
5886dcf8619ee69be01f309e,42,42,42,42,180600,42,42,4300,2017-01-24
5880417f619ee69be01f2956,42,42,42,42,201600,42,42.25,4800,2017-01-19
587ef53b619ee69be01f26d6,42,43,42,43,21200,42.4,42,500,2017-01-18
587da292619ee69be01f2461,42,42,42,42,12600,42,43,300,2017-01-17
587857d6619ee69be01f1f7b,43,43,43,43,12900,43,43,300,2017-01-13
58770c47619ee69be01f1cfd,43,43,43,43,8600,43,42.75,200,2017-01-12
587467d1619ee69be01f1811,43,43,42,42,55600,42.769230769231,42,1300,2017-01-10
587312a5619ee69be01f15a8,42,42,42,42,12600,42,42,300,2017-01-09
586f232d619ee69be01f1336,42,42,42,42,50400,42,42,1200,2017-01-06
586dce2d619ee69be01f10ca,42,42,42,42,4200,42,42,100,2017-01-05
586c7d0e619ee69be01f0e2e,42,42,42,42,79800,42,42,1900,2017-01-04
586496fa619ee69be01f06ca,42,42,42,42,105000,42,43,2500,2016-12-29
586347c5619ee69be01f046f,43,43,43,43,4300,43,42,100,2016-12-28
585a1a3f619ee69be01efce6,42,42,42,42,8400,42,43.25,200,2016-12-21
5858d802619ee69be01efaf8,42,44.75,42,44.75,8675,43.375,42.25,200,2016-12-20
58525dab619ee69be01ef3fd,42.25,42.25,42.25,42.25,50700,42.25,42.25,1200,2016-12-15
5850c9e9619ee69be01ef126,42.25,42.25,42.25,42.25,8450,42.25,42.25,200,2016-12-14
584fa387619ee69be01eee85,42.25,42.25,42.25,42.25,46475,42.25,42.25,1100,2016-12-13
584941a1619ee69be01eea62,42.25,42.75,42.25,42.25,16950,42.375,42.75,400,2016-12-08
584527a3619ee69be01ee384,46,46,42.5,42.5,1581400,42.856368563686,42,36900,2016-12-05
5840fc04619ee69be01ee13a,42,42,42,42,432600,42,42,10300,2016-12-02
583e58d6619ee69be01edc4f,42,42.25,42,42.25,168250,42.0625,42.25,4000,2016-11-30
583be546619ee69be01ed7a0,42.25,42.25,42.25,42.25,8450,42.25,42,200,2016-11-28
5837be3651c1c2e041a05278,42.25,44,42,44,46425,42.204545454545,42.5,1100,2016-11-25
58351d4b51c1c2e041a04d91,42.5,42.5,42.5,42.5,51000,42.5,42.5,1200,2016-11-23
582a8adc51c1c2e041a03eac,42.5,42.5,42.5,42.5,25500,42.5,47,600,2016-11-15
58293cfb51c1c2e041a03c50,47,47,47,47,4700,47,47,100,2016-11-14
5823f57e51c1c2e041a03745,47,47,47,47,4700,47,44,100,2016-11-10
5821578d51c1c2e041a0325e,44,44,44,44,8800,44,45,200,2016-11-08
582010f451c1c2e041a02ffd,47,47,44,44,13500,45,44,300,2016-11-07
581c0c8a51c1c2e041a02d60,44,44,44,44,4400,44,41,100,2016-11-04
581ac0ea51c1c2e041a02ae0,41,41,41,41,28700,41,42.75,700,2016-11-03
58196dd651c1c2e041a02867,42.75,42.75,42.75,42.75,641250,42.75,47.5,15000,2016-11-02
5816ca1251c1c2e041a023bb,47.5,47.5,47.5,47.5,4750,47.5,44.5,100,2016-10-31
5812d98f51c1c2e041a02114,42.75,45,42.75,43.5,726375,44.562883435583,41.5,16300,2016-10-28
580ee65c51c1c2e041a019c6,41.5,41.5,41.5,41.5,4150,41.5,44.75,100,2016-10-25
580d90b651c1c2e041a0175e,41.5,45,41.5,44.75,94125,44.821428571429,41.5,2100,2016-10-24
58099a4351c1c2e041a014f8,41.5,41.5,41.5,41.5,124500,41.5,40.75,3000,2016-10-21
5806f87251c1c2e041a0125f,40.5,45,40.5,45,106200,40.846153846154,41,2600,2016-10-19
5805aaab51c1c2e041a00ffa,41,41.5,41,41.5,24700,41.166666666667,43.5,600,2016-10-18
5804557251c1c2e041a00da2,41.5,44,41.5,44,170100,43.615384615385,45,3900,2016-10-17
57fdc77b51c1c2e041a005fe,45,45,45,45,9000,45,45,200,2016-10-12
57fc715c51c1c2e041a00377,45,45,45,45,4500,45,45,100,2016-10-11
57f5d2cc51c1c2e0419ffce6,45,45,45,45,4500,45,45,100,2016-10-06
57e8aa9751c1c2e0419fe918,45,45,45,45,27000,45,44.5,600,2016-09-26
57e4cb3b51c1c2e0419fe6cb,45,45,44.25,44.25,8925,44.625,42.5,200,2016-09-23
57e3635f51c1c2e0419fe42e,42.5,42.5,42.5,42.5,4250,42.5,42,100,2016-09-22
57e20edf51c1c2e0419fe117,42,42.5,42,42.5,285950,42.051470588235,41.25,6800,2016-09-21
57e0c0db51c1c2e0419fde9e,41,41.5,41,41.5,8250,41.25,41.5,200,2016-09-20
57df699051c1c2e0419fdc22,41.5,41.5,41.5,41.5,8300,41.5,41.5,200,2016-09-19
57db754051c1c2e0419fd9b0,41,42,41,42,8300,41.5,42.5,200,2016-09-16
57da272451c1c2e0419fd723,42.5,42.5,42.5,42.5,8500,42.5,41.5,200,2016-09-15
57d8d93a51c1c2e0419fd4be,42.5,42.5,41,41,20800,41.6,41.25,500,2016-09-14
57d7840751c1c2e0419fd24f,41,42,41,42,41400,41.4,41,1000,2016-09-13
57d231d351c1c2e0419fcfc2,41,41,41,41,98400,41,41,2400,2016-09-09
57d0ea3051c1c2e0419fcd49,41,42,41,42,111025,41.12037037037,41,2700,2016-09-08
57cf9a7951c1c2e0419fca73,41.25,41.25,41,41,144275,41.221428571429,41,3500,2016-09-07
57ce4c1251c1c2e0419fc813,41,41,41,41,123000,41,40.25,3000,2016-09-06
57c7b30351c1c2e0419fc0bd,41,41,40,40,24200,40.333333333333,41,600,2016-09-01
57c6633351c1c2e0419fbe2c,41,41,41,41,4100,41,40,100,2016-08-31
57c50cd951c1c2e0419fbba9,40,40,40,40,1688000,40,41,42200,2016-08-30
57c3b38651c1c2e0419fb97a,41,45.25,41,45.25,3732325,41.059680968097,45.5,90900,2016-08-29
57bfccd451c1c2e0419fb6bc,45.75,45.75,45.25,45.25,495975,45.502293577982,45.25,10900,2016-08-26
57be76eb51c1c2e0419fb42a,45.5,45.5,44.5,45.5,154500,45.441176470588,45.75,3400,2016-08-25
57bd17e451c1c2e0419fb1ca,45.75,45.75,45.75,45.75,9150,45.75,42.5,200,2016-08-24
57b68d6151c1c2e0419faa3f,42.5,42.5,42.5,42.5,4250,42.5,42.25,100,2016-08-19
57b3f11751c1c2e0419fa56b,41.5,45,41.5,45,16950,42.375,41,400,2016-08-17
57b3029e51c1c2e0419fa4e1,40.25,42.5,40.25,40.25,180600,41.045454545455,44,4400,2016-08-16
57ac035651c1c2e0419f9ba1,44,44,44,44,510400,44,44.5,11600,2016-08-11
57a9595451c1c2e0419f9692,43,46.5,43,46.5,107050,44.604166666667,42.5,2400,2016-08-09
57a2ca2351c1c2e0419f8f53,43,43.5,42,43.5,51100,42.583333333333,45,1200,2016-08-04
57a1742451c1c2e0419f8cc6,45,45,45,45,4500,45,42.75,100,2016-08-03
57a01d7d51c1c2e0419f8a57,45,45,41,41,115900,42.925925925926,45,2700,2016-08-02
579edb8d51c1c2e0419f8882,45,45,45,45,373500,45,45,8300,2016-08-01
579ae2a951c1c2e0419f85f6,45,45,45,45,49500,45,50,1100,2016-07-29
579996a351c1c2e0419f82cf,50,50,50,50,50000,50,55.5,1000,2016-07-28
57959ff951c1c2e0419f7ba3,55.5,55.5,55.5,55.5,16650,55.5,51,300,2016-07-25
5790571051c1c2e0419f766c,51,51,51,51,193800,51,46.75,3800,2016-07-21
578f007e51c1c2e0419f7400,46.75,46.75,46.75,46.75,4675,46.75,43,100,2016-07-20
578c5b9251c1c2e0419f6f74,42,46.5,42,46.5,17250,43.125,43,400,2016-07-18
57871d2251c1c2e0419f6a26,43,43,43,43,215000,43,43,5000,2016-07-14
5785bfc251c1c2e0419f67b5,43,43,43,43,227900,43,42.5,5300,2016-07-13
5784750051c1c2e0419f652e,46,46,42,42,25600,42.666666666667,42,600,2016-07-12
577f366351c1c2e0419f6080,42,42,42,42,210000,42,40.25,5000,2016-07-08
5779df7451c1c2e0419f58f1,40.25,40.25,40.25,40.25,88550,40.25,42.75,2200,2016-07-04
5775f07751c1c2e0419f566d,44,44,40.25,44,365375,42.985294117647,40.25,8500,2016-07-01
57748aee51c1c2e0419f53fa,40,43,40,43,44300,40.272727272727,40,1100,2016-06-30
57737ec051c1c2e0419f51e4,40,40,40,40,8000,40,43,200,2016-06-29
5770a26c51c1c2e0419f4ca4,43,43,43,43,12900,43,47,300,2016-06-27
576cb89d51c1c2e0419f4a3e,47,47,47,47,4700,47,50.5,100,2016-06-24
576a189951c1c2e0419f4540,50,51,50,51,15200,50.666666666667,51,300,2016-06-22
57677b5e51c1c2e0419f4052,52,52,50,50,10200,51,52,200,2016-06-20
57637d8e51c1c2e0419f3dd8,52,52,52,52,156000,52,52,3000,2016-06-17
575f89d051c1c2e0419f366a,52,52,52,52,26000,52,52,500,2016-06-14
575e3eda51c1c2e0419f3408,52,52,52,52,10400,52,54.5,200,2016-06-13
575a430e51c1c2e0419f3179,54.5,54.5,54.5,54.5,5450,54.5,50.5,100,2016-06-10
5758f71751c1c2e0419f2f03,52,52,50,50,35400,50.571428571429,48,700,2016-06-09
5757a33b51c1c2e0419f2c94,48,48,48,48,91200,48,52,1900,2016-06-08
5751098251c1c2e0419f2521,52,52,52,52,5200,52,52,100,2016-06-03
574d182451c1c2e0419f2041,52,52,52,52,5200,52,51,100,2016-05-31
57467cd451c1c2e0419f18c0,50,54,50,54,229700,51.044444444444,54,4500,2016-05-26
5743df7251c1c2e0419f13e3,54,54,54,54,5400,54,54,100,2016-05-24
573e994351c1c2e0419f0efb,54,54,54,54,27000,54,58,500,2016-05-20
573bf07e51c1c2e0419f0a28,58,58,58,58,63800,58,58,1100,2016-05-18
573ab68b51c1c2e0419f07a8,58,58,58,58,1479000,58,58,25500,2016-05-17
57355bb251c1c2e0419f0538,56,56,56,56,95200,56,56,1700,2016-05-13
5734086251c1c2e0419f02e4,56,56,56,56,22400,56,57.5,400,2016-05-12
5731688551c1c2e0419efda7,56,58,55,55,514500,57.808988764045,56,8900,2016-05-10
57300b3151c1c2e0419efba6,56,56,56,56,61600,56,55,1100,2016-05-09
57297b9a51c1c2e0419ef3de,55.5,56.5,54,54,160600,55.379310344828,51.5,2900,2016-05-04
57282f5d51c1c2e0419ef16f,53,53,45,47,340550,51.598484848485,50,6600,2016-05-03
5722e93251c1c2e0419eef19,50,50,50,50,50000,50,54.5,1000,2016-04-29
572193aa51c1c2e0419eec83,54.5,54.5,54.5,54.5,5450,54.5,50,100,2016-04-28
571da34151c1c2e0419ee50c,50,50,50,50,135000,50,50,2700,2016-04-25
5719b74d51c1c2e0419ee2b2,50,50.5,50,50,251500,50.3,50,5000,2016-04-22
571859dc51c1c2e0419ee03c,50,50,50,50,50000,50,50,1000,2016-04-21
57170a5f51c1c2e0419eddb3,50,52,50,51,126100,50.44,53,2500,2016-04-20
5714653b51c1c2e0419ed8d5,53,54,53,54,223850,53.297619047619,56,4200,2016-04-18
571075c651c1c2e0419ed655,56,56,56,56,5600,56,56,100,2016-04-15
570c7bd651c1c2e0419ecf04,56,56,56,56,196000,56,56,3500,2016-04-12
5704953c51c1c2e0419ec533,56,56,56,56,235200,56,56.5,4200,2016-04-06
5703359e51c1c2e0419ec2c2,56,57,56,57,192300,56.558823529412,57,3400,2016-04-05
5701faa551c1c2e0419ec050,57,57,57,57,34200,57,62,600,2016-04-04
56fdfe1d51c1c2e0419ebdea,62,62,62,62,6200,62,57,100,2016-04-01
56fa09d551c1c2e0419eb688,57,57,57,57,5700,57,58,100,2016-03-29
56f0ca7f8b95524b687634d6,58,58,58,58,75400,58,58,1300,2016-03-22
56ef76338b95524b6876324e,58,58,58,58,34800,58,56,600,2016-03-21
56eb84588b95524b68762fc4,56,56.5,56,56.5,186050,56.378787878788,62,3300,2016-03-18
56ea37a98b95524b68762d48,62,62,62,62,6200,62,56.5,100,2016-03-17
56e8ec7c8b95524b68762aed,56.5,57,56.5,57,188000,56.969696969697,56.5,3300,2016-03-16
56e794898b95524b687628a2,57,57,56.5,56.5,39650,56.642857142857,57,700,2016-03-15
56e6412a8b95524b687625fb,57,59,57,59,154100,57.074074074074,59,2700,2016-03-14
56e0f75b8b95524b6876210b,59,59,59,59,88500,59,58.5,1500,2016-03-10
56dfac948b95524b68761e9d,58.5,58.5,58.5,58.5,111150,58.5,62,1900,2016-03-09
56de5a6a8b95524b68761c29,62,62,62,62,6200,62,62,100,2016-03-08
56dd07e88b95524b687619bd,63,63,62,62,254800,62.146341463415,58,4100,2016-03-07
56d9106e8b95524b68761747,58,58,58,58,17400,58,56,300,2016-03-04
56d66d838b95524b68761276,56,57.5,56,57.5,394150,56.307142857143,56.5,7000,2016-03-02
56d51ef78b95524b68760ffc,57,57,56.5,56.5,73600,56.615384615385,57.5,1300,2016-03-01
56cfd52e8b95524b68760b09,57.5,57.5,57.5,57.5,5750,57.5,60,100,2016-02-26
56ce8b2a8b95524b68760893,60,60,60,60,66000,60,60,1100,2016-02-25
56cbe9b28b95524b68760377,60,60,60,60,12000,60,63.5,200,2016-02-23
56ca92478b95524b68760106,63.5,63.5,63.5,63.5,254000,63.5,63,4000,2016-02-22
56c69b788b95524b6875ff4d,63,63,63,63,6300,63,60,100,2016-02-19
56c54e408b95524b6875fc23,61,61,58,58,1434100,60.256302521008,60,23800,2016-02-18
56c2b22f8b95524b6875f73d,60,60,60,60,6000,60,59.5,100,2016-02-16
56bd5ff48b95524b6875f2a8,60,60,59.5,59.5,23900,59.75,58,400,2016-02-12
56bc10b78b95524b6875f00d,58,58,58,58,11600,58,60,200,2016-02-11
56b81cf68b95524b6875e975,60,60,60,60,6000,60,57.5,100,2016-02-08
56b2d6838b95524b6875e42b,57.5,57.5,57.5,57.5,28750,57.5,57.5,500,2016-02-04
56b180168b95524b6875e16c,57,58,57,58,34600,57.666666666667,57,600,2016-02-03
56b035378b95524b6875ded0,57,57,57,57,182400,57,56.5,3200,2016-02-02
56aaebe08b95524b6875da17,56.5,56.5,56.5,56.5,11300,56.5,62.5,200,2016-01-29
56a99efe8b95524b6875d7aa,62.5,62.5,62.5,62.5,6250,62.5,59.5,100,2016-01-28
56a849ac8b95524b6875d538,63.5,63.5,58.5,58.5,431600,59.944444444444,60,7200,2016-01-27
56a5a7a78b95524b6875d050,60,60,60,60,48000,60,58.5,800,2016-01-25
56a1b5f98b95524b6875cdf0,57.5,60,57.5,60,11750,58.75,56,200,2016-01-22
56a060f58b95524b6875cb75,56.5,56.5,56,56.5,628550,56.120535714286,56,11200,2016-01-21
569f0f378b95524b6875c911,56,56.5,56,56.5,173850,56.08064516129,57,3100,2016-01-20
569c96f98b95524b6875c493,57,58,57,58,57100,57.1,63,1000,2016-01-18
56987c638b95524b6875c1d6,63,63,63,63,6300,63,62,100,2016-01-15
569728fc8b95524b6875bf82,63.5,63.5,60,60,2466950,62.454430379747,58,39500,2016-01-14
569487b68b95524b6875ba84,58,58,58,58,52200,58,57.5,900,2016-01-12
569332568b95524b6875b815,55,58,55,58,69000,57.5,55,1200,2016-01-11
568f3e118b95524b6875b5ca,55,59,52.5,59,1116900,55.019704433498,55.5,20300,2016-01-08
568df20d8b95524b6875b34e,55,59,55,59,177600,55.5,59,3200,2016-01-07
568b49668b95524b6875ae54,59,61,59,61,53300,59.222222222222,61,900,2016-01-05
568365a98b95524b6875a76a,61,61,61,61,12200,61,65,200,2015-12-30
567a29598b95524b68759daa,65,65,65,65,19500,65,61,300,2015-12-23
5678d4f78b95524b68759b42,61,61,61,61,12200,61,58.5,200,2015-12-22
567784578b95524b687598c5,58.5,58.5,58.5,58.5,17550,58.5,59,300,2015-12-21
56723bb38b95524b687593ee,59,59,59,59,135700,59,61,2300,2015-12-17
566a53898b95524b6875886b,60,62,60,62,104250,61.323529411765,62,1700,2015-12-11
566920088b95524b68758617,62,62,62,62,74400,62,62,1200,2015-12-10
56665d8b8b95524b68758145,65,65,65,65,6500,65,62,100,2015-12-08
566527578b95524b68757ea4,62.5,62.5,61.5,61.5,262300,62.452380952381,62.5,4200,2015-12-07
566117c08b95524b68757c67,63,63,62.5,62.5,3692550,62.691850594228,62.5,58900,2015-12-04
565fc7c68b95524b68757a08,62.5,64,62.5,62.5,25150,62.875,64,400,2015-12-03
565e7c488b95524b687577a0,62.5,65,62.5,64,206000,64.375,60.5,3200,2015-12-02
565d228d8b95524b6875752a,61,61,60,60,567000,60.967741935484,58.5,9300,2015-12-01
565bd33f8b95524b68755590,58.5,58.5,58.5,58.5,17550,58.5,58.5,300,2015-11-30
5657d6ce8b95524b68755333,58.5,58.5,58.5,58.5,11700,58.5,58.5,200,2015-11-27
5653e77b8b95524b6874834b,58.5,58.5,58.5,58.5,1170000,58.5,58.5,20000,2015-11-24
56528cb28b95524b687480dd,58.5,58.5,58.5,58.5,175500,58.5,59.5,3000,2015-11-23
564d4fec8b95524b68747c19,59.5,59.5,59.5,59.5,238000,59.5,58,4000,2015-11-19
564c01668b95524b687479a6,58,58,58,58,29000,58,57,500,2015-11-18
564aaa2f8b95524b68747737,58,58,57,57,80300,57.357142857143,59.5,1400,2015-11-17
56498f508b95524b6874753a,60,60,58,58,275400,59.869565217391,59,4600,2015-11-16
5644202aa06e2fe23ff685ad,60,61,57,61,35650,59.416666666667,62,600,2015-11-12
5642c3f0a06e2fe23ff4f46a,62,62,62,62,62000,62,62,1000,2015-11-11
5641750ca06e2fe23ff3aa13,62,62,62,62,24800,62,62.5,400,2015-11-10
56404dcea06e2fe23ff2831b,62,63,62,62,163200,62.769230769231,63,2600,2015-11-09
563c7bf8a06e2fe23fed9b5e,63,63,63,63,6300,63,63,100,2015-11-06
5654460a8b95524b68748eff,65,65,65,65,1690000,65,64,26000,2015-11-03
565441bc8b95524b68748aa6,65,65,62,62,821900,64.2109375,62.5,12800,2015-11-02
565445fb8b95524b68748d11,61.5,63,61.5,63,125250,62.625,61.5,2000,2015-10-29
56544a2a8b95524b68749169,61.5,61.5,61.5,61.5,73800,61.5,61.5,1200,2015-10-28
56544e888b95524b687493ce,61.5,61.5,61.5,61.5,73800,61.5,61.5,1200,2015-10-27
565451b78b95524b6874962a,61.5,61.5,61.5,61.5,30750,61.5,61,500,2015-10-26
5654595e8b95524b68749ad9,61,61,61,61,573400,61,61.5,9400,2015-10-23
5654595e8b95524b687499e5,63,63,61,61,86500,61.785714285714,61,1400,2015-10-22
56545d2f8b95524b68749d43,61,61,61,61,12200,61,61,200,2015-10-21
565461248b95524b68749f92,61,61,61,61,591700,61,60,9700,2015-10-19
565468fc8b95524b6874a460,60.5,60.5,60,60,48150,60.1875,63.5,800,2015-10-16
565468fa8b95524b6874a34a,64,64,60.5,64,3586300,63.813167259786,60,56200,2015-10-15
56546d058b95524b6874a6a4,60,60,60,60,498000,60,60,8300,2015-10-14
565471c18b95524b6874a908,60,63,60,60,552900,60.097826086957,60,9200,2015-10-13
56547d158b95524b6874b00f,60,61,60,61,90600,60.4,63.5,1500,2015-10-09
56547d098b95524b6874af15,60,64,60,63.5,325650,63.852941176471,62.5,5100,2015-10-08
5654810b8b95524b6874b26e,63.5,64,60,61.5,452350,62.826388888889,64,7200,2015-10-07
5654870a8b95524b6874b61f,61.5,65,61.5,65,32063250,63.998502994012,61.5,501000,2015-10-05
56548b608b95524b6874b970,61.5,61.5,61.5,61.5,30750,61.5,64.5,500,2015-10-02
56548fbf8b95524b6874bbcb,65,65,61.5,61.5,661050,64.808823529412,64,10200,2015-10-01
565493978b95524b6874be47,66,66,64,64,2310600,64.005540166205,61,36100,2015-09-30
5654983d8b95524b6874c08f,60,63,60,60,116400,61.263157894737,61.5,1900,2015-09-29
56549ca98b95524b6874c2e4,61.5,61.5,61.5,61.5,6150,61.5,61.5,100,2015-09-28
5654a0ab8b95524b6874c543,58.5,63,58.5,58.5,18450,61.5,58,300,2015-09-25
5654a4848b95524b6874c7a3,57,59.5,57,59.5,29150,58.3,59.5,500,2015-09-24
5654a8b38b95524b6874ca04,63,63,57,60,197900,59.969696969697,60.5,3300,2015-09-23
5654ad008b95524b6874cc63,60,63,56,63,712900,60.931623931624,57.5,11700,2015-09-22
5654b5778b95524b6874d017,57.5,57.5,57.5,57.5,11500,57.5,57,200,2015-09-21
5654b9aa8b95524b6874d354,56.5,58,56.5,58,74200,57.076923076923,55.5,1300,2015-09-18
5654bda48b95524b6874d5d7,58,58,55,57,14579900,55.925968546222,58,260700,2015-09-16
5654c2178b95524b6874d80d,57,61,57,61,69600,58,55.5,1200,2015-09-15
5654c6f28b95524b6874da6c,56.5,57,55,56.5,66800,55.666666666667,56.5,1200,2015-09-14
5654cb458b95524b6874dccd,56.5,56.5,56.5,56.5,16950,56.5,61.5,300,2015-09-11
5654d40f8b95524b6874e097,60.5,63.5,60.5,63.5,233950,61.565789473684,63.5,3800,2015-09-10
5654d8d28b95524b6874e449,63.5,63.5,63.5,63.5,31750,63.5,68.5,500,2015-09-09
5654d8d18b95524b6874e2fb,68.5,68.5,68.5,68.5,6850,68.5,70,100,2015-09-08
5654e0fd8b95524b6874e8a5,70,70,70,70,7000,70,70,100,2015-09-07
5654e0fc8b95524b6874e7b6,70,70,70,70,21000,70,68.5,300,2015-09-04
5654e4d38b95524b6874eb01,70,70,65,65,34400,68.8,70,500,2015-09-03
5654e8bf8b95524b6874ed61,70.5,70.5,70,70,535300,70.434210526316,70,7600,2015-09-02
5654eccc8b95524b6874efc0,70,71,70,71,196800,70.285714285714,69.5,2800,2015-09-01
5654f5668b95524b6874f384,71,71,67.5,67.5,62850,69.833333333333,70,900,2015-08-31
5654fa478b95524b6874f6d7,72,72,70,70,476400,70.058823529412,67.5,6800,2015-08-28
5654fa458b95524b6874f5d8,70,70,66,70,1035000,67.647058823529,69.5,15300,2015-08-27
565503938b95524b6874fbb3,70,70,68,70,1272800,69.934065934066,70,18200,2015-08-26
565503938b95524b6874fa9c,70,70,70,70,770000,70,69.5,11000,2015-08-25
565508348b95524b6874fdeb,70,70,69,69,349000,69.8,67,5000,2015-08-24
56550c7b8b95524b6875005a,70,70,66.5,66.5,26950,67.375,69.5,400,2015-08-21
565510ff8b95524b687502b6,70,70,68.5,70,279500,69.875,70,4000,2015-08-20
565515cc8b95524b68750511,70,70,70,70,140000,70,70,2000,2015-08-19
565519eb8b95524b68750822,70,72,69,69,239000,70.294117647059,69,3400,2015-08-18
56551ee68b95524b687509d0,70,70,66.5,66.5,872600,69.253968253968,68.5,12600,2015-08-17
565528228b95524b68750e7b,66.5,73,66.5,73,255100,68.945945945946,66.5,3700,2015-08-14
565528208b95524b68750d88,66,68,66,68,20000,66.666666666667,70.5,300,2015-08-13
56552cb48b95524b6875119c,70.5,70.5,70.5,70.5,105750,70.5,68.5,1500,2015-08-12
5655318e8b95524b687513f6,70,70,65,68.5,432950,68.722222222222,69,6300,2015-08-11
5655368c8b95524b6875158e,69.5,69.5,68.5,69.5,922350,69.34962406015,65,13300,2015-08-10
56553f0d8b95524b68751aab,65,65,65,65,19500,65,63.5,300,2015-08-07
565543a08b95524b68751e0a,65,65,62,62,76200,63.5,62,1200,2015-08-06
5655439b8b95524b68751cf4,62.5,62.5,62,62.5,124950,62.475,62.5,2000,2015-08-05
565548d98b95524b68752042,62.5,62.5,62.5,62.5,93750,62.5,60.5,1500,2015-08-04
5655514c8b95524b68752450,62,62,60,61,109600,60.888888888889,62.5,1800,2015-08-03
565555fe8b95524b68752795,65,65,61,62,100200,62.625,64,1600,2015-07-31
565555fc8b95524b687526a8,64,64,64,64,25600,64,63.5,400,2015-07-30
56555aee8b95524b687529ec,67,67,62,62,25500,63.75,61.5,400,2015-07-29
56555fc78b95524b68752c50,62,62,61,61,371800,61.966666666667,60,6000,2015-07-28
5655647d8b95524b68752eaa,60.5,60.5,60,60.5,356900,60.491525423729,60,5900,2015-07-27
5655690f8b95524b68753105,61,61,60,60,48300,60.375,60,800,2015-07-24
56556c358b95524b68753361,60,60.5,60,60.5,828600,60.481751824818,60,13700,2015-07-23
5655753f8b95524b68753818,60.5,60.5,60,60,108750,60.416666666667,60,1800,2015-07-22
5655753d8b95524b68753721,60.5,60.5,59.5,59.5,397000,60.151515151515,60,6600,2015-07-21
565579c08b95524b68753a72,60,63,59.5,63,414350,60.050724637681,59.5,6900,2015-07-20
56557e248b95524b68753cdf,59.5,60,59.5,59.5,3737200,59.509554140127,56,62800,2015-07-17
565582c28b95524b68753f2a,59.5,59.5,54,59,236550,56.321428571429,59.5,4200,2015-07-16
565587138b95524b68754191,59,60,59,60,35900,59.833333333333,57.5,600,2015-07-15
56558be88b95524b687543dd,57.5,57.5,57.5,57.5,51750,57.5,57.5,900,2015-07-14
565590688b95524b68754632,59,59,56,59,763800,57.863636363636,61.5,13200,2015-07-13
565598d48b95524b68754b2a,64,64,61.5,61.5,773950,61.916,61.5,12500,2015-07-10
565598d38b95524b687549f9,57,62.5,56.5,62.5,500600,61.802469135802,62.5,8100,2015-07-09
56559da28b95524b68754d97,63.5,64,62.5,64,1448350,62.971739130435,66.5,23000,2015-07-08
5655a29c8b95524b68754fa4,67,67,66.5,66.5,273350,66.670731707317,68,4100,2015-07-07
5642f312a06e2fe23ff53088,68,68.5,68,68.5,61350,68.166666666667,70,900,2015-07-06
5642fa43a06e2fe23ff53c48,70,70,70,70,21000,70,77.5,300,2015-07-02
564301e5a06e2fe23ff5425a,73,80,73,80,23300,77.666666666667,81,300,2015-07-01
56430af0a06e2fe23ff54d7a,81,81,81,81,32400,81,90,400,2015-06-30
564318ffa06e2fe23ff55b84,90,90,90,90,63000,90,99,700,2015-06-29
56431a3fa06e2fe23ff55dd8,99,99,99,99,237600,99,110,2400,2015-06-26
5643236ba06e2fe23ff56702,95,175,95,175,1119300,110.82178217822,182,10100,2015-06-25
56432c47a06e2fe23ff5702f,187,187,170,170,1257300,182.21739130435,172,6900,2015-06-24
564334fca06e2fe23ff5795c,175,175,170,170,915300,172.69811320755,170,5300,2015-06-23
56433c2ea06e2fe23ff5836e,170,173,168,173,477400,170.5,170,2800,2015-06-22
56434576a06e2fe23ff59154,170,170,170,170,170000,170,164,1000,2015-06-18
56435310a06e2fe23ff5a23f,165,165,163,165,1962900,164.94957983193,163,11900,2015-06-17
5643536fa06e2fe23ff5a48d,165,165,160,164,343300,163.47619047619,164,2100,2015-06-16
56435a84a06e2fe23ff5ab6f,164,164,164,164,229600,164,164,1400,2015-06-15
564363e1a06e2fe23ff5b6c4,164,164,164,164,32800,164,164,200,2015-06-12
56436a33a06e2fe23ff5bdcf,164,165,164,164,607700,164.24324324324,163,3700,2015-06-11
56436b61a06e2fe23ff5c037,165,165,160,164,507400,163.67741935484,164,3100,2015-06-10
564372b2a06e2fe23ff5ca51,165,165,164,164,49300,164.33333333333,164,300,2015-06-09
56437a01a06e2fe23ff5d119,164,164,164,164,114800,164,164,700,2015-06-08
5655f5158b95524b687551ee,165,165,160,160,296000,164.44444444444,163,1800,2015-06-05
56438871a06e2fe23ff5df3d,165,165,160,160,475200,163.86206896552,165,2900,2015-06-04
564390bda06e2fe23ff5eada,165,165,165,165,165000,165,160,1000,2015-06-03
5643984ba06e2fe23ff5ef5b,160,160,160,160,224000,160,161,1400,2015-06-02
5643a0e9a06e2fe23ff5f996,160,165,160,165,80500,161,160,500,2015-05-29
5643a920a06e2fe23ff6028a,160,165,160,165,336500,160.2380952381,160,2100,2015-05-28
5643b26ca06e2fe23ff60ca0,160,160,160,160,64000,160,156,400,2015-05-27
5643bb21a06e2fe23ff615e1,155,165,155,165,250500,156.5625,165,1600,2015-05-26
5643c317a06e2fe23ff61eda,158,158,158,158,31600,158,165,200,2015-05-18
5643cb4ea06e2fe23ff628eb,165,165,165,165,16500,165,165,100,2015-05-15
5643d3f2a06e2fe23ff63300,170,170,165,165,12233000,165.08771929825,161,74100,2015-05-14
5643dc58a06e2fe23ff63bbb,169,169,160,166,370700,161.17391304348,160,2300,2015-05-13
5643e5cfa06e2fe23ff64629,166,166,150,165,659500,160.85365853659,151,4100,2015-05-12
5643eedfa06e2fe23ff64d0f,151,151,151,151,271800,151,138,1800,2015-05-11
5643ffa7a06e2fe23ff65f53,138,138,138,138,193200,138,126,1400,2015-05-07
56440022a06e2fe23ff6619f,126,126,126,126,441000,126,115,3500,2015-05-06
56441c65a06e2fe23ff67fb9,120,126,110,110,254300,115.59090909091,102,2200,2015-05-04
564425f0a06e2fe23ff68a30,102,102,102,102,71400,102,102,700,2015-04-30
56442ebda06e2fe23ff69469,102,102,102,102,51000,102,109,500,2015-04-29
56443a56a06e2fe23ff69eda,110,110,109,109,186900,109.94117647059,110,1700,2015-04-28
56444357a06e2fe23ff6a71e,110,110,110,110,11000,110,110,100,2015-04-27
564456e8a06e2fe23ff6bb65,110,110,110,110,11000,110,110,100,2015-04-23
56446010a06e2fe23ff6c427,110,110,110,110,11000,110,101,100,2015-04-22
56446988a06e2fe23ff6ce41,101,103,101,103,325800,101.8125,101,3200,2015-04-21
5644727da06e2fe23ff6d2ae,101,101,101,101,40400,101,101,400,2015-04-20
56447b8ba06e2fe23ff6dbc9,101,101,101,101,50500,101,106,500,2015-04-17
5644845ba06e2fe23ff6e1f3,106,106,106,106,53000,106,106,500,2015-04-16
56448d91a06e2fe23ff6e97f,105,110,105,110,2683000,106.04743083004,106,25300,2015-04-15
56449706a06e2fe23ff6f244,106,106,106,106,752600,106,117,7100,2015-04-14
5644a8c1a06e2fe23ff6ffae,115,118,115,118,1261400,117.88785046729,117,10700,2015-04-10
5644b1c9a06e2fe23ff70939,118,118,117,118,212300,117.94444444444,119,1800,2015-04-09
5644bb2fa06e2fe23ff7121e,119,119,119,119,154700,119,119,1300,2015-04-08
5644f1c8a06e2fe23ff741e1,120,120,118,118,467800,119.94871794872,118,3900,2015-03-26
56450685a06e2fe23ff753a0,118,118,118,118,59000,118,120,500,2015-03-24
56451973a06e2fe23ff762f1,120,120,120,120,12000,120,118,100,2015-03-20
564523a6a06e2fe23ff76bc7,118,118,118,118,11800,118,131,100,2015-03-19
56452dcfa06e2fe23ff77551,131,131,131,131,39300,131,131,300,2015-03-18
56454243a06e2fe23ff7862b,122,134,122,134,52400,131,123,400,2015-03-16
56456275a06e2fe23ff79d49,124,124,122,122,334600,123.92592592593,134,2700,2015-03-11
56456e79a06e2fe23ff7a837,136,136,124,124,377600,134.85714285714,124,2800,2015-03-10
56457899a06e2fe23ff7b0bb,124,124,124,124,74400,124,136,600,2015-03-09
56458403a06e2fe23ff7ba11,136,138,136,138,95600,136.57142857143,127,700,2015-03-06
56458eeda06e2fe23ff7c555,127,127,127,127,63500,127,140,500,2015-03-05
5645a5bca06e2fe23ff7d8db,140,140,140,140,14000,140,143,100,2015-03-03
5645b318a06e2fe23ff7e394,145,145,135,135,129500,143.88888888889,150,900,2015-03-02
5645c0b4a06e2fe23ff7ebb3,150,150,150,150,1290000,150,150,8600,2015-02-27
5645f2ada06e2fe23ff81367,150,150,150,150,30000,150,137,200,2015-02-23
5645fe7aa06e2fe23ff81d1f,135,150,135,150,206300,137.53333333333,150,1500,2015-02-20
56460a95a06e2fe23ff826cf,150,150,150,150,15000,150,160,100,2015-02-19
564617a8a06e2fe23ff83429,149,165,149,165,144700,160.77777777778,165,900,2015-02-18
56462260a06e2fe23ff83fbe,165,165,165,165,16500,165,159,100,2015-02-17
56462d2ca06e2fe23ff84a6b,165,165,150,150,207000,159.23076923077,150,1300,2015-02-16
56463619a06e2fe23ff85519,150,150,150,150,450000,150,137,3000,2015-02-13
5646408aa06e2fe23ff85ec3,137,137,137,137,109600,137,133,800,2015-02-12
56465713a06e2fe23ff873d2,133,133,133,133,13300,133,135,100,2015-02-10
564662a9a06e2fe23ff87dbf,135,135,135,135,13500,135,133,100,2015-02-09
56466cd5a06e2fe23ff8894c,133,133,133,133,106400,133,133,800,2015-02-06
564678fda06e2fe23ff892f6,135,135,128,128,66800,133.6,130,500,2015-02-05
5648426ca06e2fe23ffa6e9b,130,130,130,130,169000,130,122,1300,2015-02-02
56482304a06e2fe23ffa4f3b,122,122,122,122,12200,122,116,100,2015-01-28
564816b2a06e2fe23ffa44c4,122,122,111,111,478200,116.63414634146,113,4100,2015-01-27
5647e4b6a06e2fe23ffa13d7,111,115,111,115,113800,113.8,111,1000,2015-01-20
5647cf5ea06e2fe23ff9fd16,111,112,111,112,222100,111.05,117,2000,2015-01-16
5647b926a06e2fe23ff9e486,117,120,117,120,70500,117.5,117,600,2015-01-14
5647a29aa06e2fe23ff9cdad,115,120,115,120,81900,117,121,700,2015-01-12
564798cba06e2fe23ff9c154,121,121,121,121,12100,121,120,100,2015-01-09
56478f1ba06e2fe23ff9b6d7,120,120,120,120,48000,120,111,400,2015-01-08
564794c9a06e2fe23ff9be13,111,119,111,119,312700,111.67857142857,122,2800,2014-12-24
56479e64a06e2fe23ff9c795,122,122,122,122,12200,122,121,100,2014-12-23
5647bc08a06e2fe23ff9e802,121,121,121,121,24200,121,122,200,2014-12-18
5647c8a8a06e2fe23ff9f5ed,123,123,121,121,918500,122.46666666667,121,7500,2014-12-17
5647dc32a06e2fe23ffa0b09,121,122,121,121,97000,121.25,120,800,2014-12-15
5647e5a6a06e2fe23ffa1580,120,120,120,120,816000,120,120,6800,2014-12-11
564803e6a06e2fe23ffa350c,112,112,112,112,22400,112,111,200,2014-12-04
56480f4ca06e2fe23ffa41c7,122,122,110,121,6133200,111.10869565217,121,55200,2014-12-03
56481823a06e2fe23ffa4843,121,121,121,121,12100,121,122,100,2014-12-02
564823c1a06e2fe23ffa52b0,122,125,122,125,74700,124.5,121,600,2014-11-28
56482f33a06e2fe23ffa5d2b,121,121,121,121,24200,121,121,200,2014-11-27
5647d984a06e2fe23ffa0789,121,121,121,121,411400,121,121,3400,2014-11-24
5647e269a06e2fe23ffa109c,121,121,121,121,48400,121,124,400,2014-11-21
5647ee3aa06e2fe23ffa1e30,122,122,122,122,12200,122,122,100,2014-11-18
5647f83ea06e2fe23ffa288a,120,125,120,125,1195800,122.02040816327,125,9800,2014-11-17
56480377a06e2fe23ffa3365,125,125,125,125,12500,125,125,100,2014-11-14
564825a7a06e2fe23ffa547a,125,125,125,125,262500,125,124,2100,2014-11-11
5648303fa06e2fe23ffa5ef1,124,125,124,124,74500,124.16666666667,125,600,2014-11-10
56483a8ca06e2fe23ffa67a7,125,125,125,125,787500,125,124,6300,2014-11-07
56462115a06e2fe23ff83e15,125,130,124,124,21905300,124.03907134768,123,176600,2014-11-05
56461687a06e2fe23ff82fe6,124,125,121,121,260300,123.95238095238,123,2100,2014-11-04
56460bcaa06e2fe23ff82881,125,125,120,124,582700,123.97872340426,125,4700,2014-11-03
56460116a06e2fe23ff81ec8,125,125,125,125,12500,125,123,100,2014-10-31
5645dcf1a06e2fe23ff802b5,123,123,123,123,36900,123,123,300,2014-10-28
5645c8b1a06e2fe23ff7f1ca,123,123,123,123,12300,123,122,100,2014-10-27
5645b243a06e2fe23ff7e1e7,121,123,121,123,36700,122.33333333333,123,300,2014-10-24
5645a5afa06e2fe23ff7d823,123,123,123,123,12300,123,123,100,2014-10-23
56459a6ea06e2fe23ff7cc8a,123,123,123,123,24600,123,119,200,2014-10-22
56456f09a06e2fe23ff7a9df,120,120,119,119,83600,119.42857142857,119,700,2014-10-15
564556cea06e2fe23ff7946e,115,120,115,120,155500,119.61538461538,120,1300,2014-10-13
564549e3a06e2fe23ff78b91,120,120,120,120,348000,120,116,2900,2014-10-10
56454013a06e2fe23ff782cd,116,117,116,117,407500,116.42857142857,120,3500,2014-10-09
56453478a06e2fe23ff77add,120,120,120,120,24000,120,119,200,2014-10-08
56452c2ba06e2fe23ff774d1,115,115,115,115,253000,115,115,2200,2014-10-06
564523d0a06e2fe23ff76d6d,115,115,115,115,230000,115,115,2000,2014-10-03
564510a5a06e2fe23ff75db3,115,117,115,115,57700,115.4,113,500,2014-10-01
564504cea06e2fe23ff75115,115,115,112,112,45400,113.5,113,400,2014-09-30
5644f7b5a06e2fe23ff7481a,113,113,113,113,33900,113,124,300,2014-09-29
5644eba3a06e2fe23ff73d6b,124,124,124,124,12400,124,113,100,2014-09-26
5644de93a06e2fe23ff73204,115,115,110,113,501300,113.93181818182,115,4400,2014-09-25
5644d1d9a06e2fe23ff726bb,115,115,115,115,11500,115,114,100,2014-09-24
5644c112a06e2fe23ff71854,114,114,114,114,456000,114,113,4000,2014-09-23
5644ae5ca06e2fe23ff706be,113,113,113,113,11300,113,110,100,2014-09-22
56449fb5a06e2fe23ff6f90c,111,111,110,110,176100,110.0625,108,1600,2014-09-19
564490eca06e2fe23ff6ef95,110,110,106,110,119400,108.54545454545,106,1100,2014-09-18
5644861ca06e2fe23ff6e6d2,110,110,106,106,138600,106.61538461538,110,1300,2014-09-17
564476c5a06e2fe23ff6d863,110,110,110,110,187000,110,110,1700,2014-09-16
564468baa06e2fe23ff6c960,110,110,110,110,44000,110,110,400,2014-09-15
56445c03a06e2fe23ff6be71,110,110,110,110,11000,110,115,100,2014-09-12
56445225a06e2fe23ff6b73f,115,115,115,115,126500,115,108,1100,2014-09-11
5644484ca06e2fe23ff6adcc,104,115,104,115,925600,108.89411764706,115,8500,2014-09-10
56443ccfa06e2fe23ff6a481,115,115,115,115,126500,115,115,1100,2014-09-09
56442f36a06e2fe23ff696cd,115,115,115,115,11500,115,107,100,2014-09-08
564422fba06e2fe23ff68999,107,107,107,107,10700,107,107,100,2014-09-04
56441ab4a06e2fe23ff67d34,110,110,102,106,1907200,107.75141242938,105,17700,2014-09-03
564412f4a06e2fe23ff674fa,107,107,107,107,10700,107,104,100,2014-09-02
56440ee9a06e2fe23ff6725d,104,104,104,104,20800,104,101,200,2014-09-01
5644082ba06e2fe23ff66a3f,100,101,100,101,413900,100.9512195122,101,4100,2014-08-29
564404d6a06e2fe23ff663ca,101,107,101,107,71300,101.85714285714,107,700,2014-08-28
5643fb65a06e2fe23ff65a8f,107,107,107,107,10700,107,107,100,2014-08-27
5643e58ea06e2fe23ff643ef,107,107,107,107,10700,107,100,100,2014-08-25
5643dc41a06e2fe23ff63acb,100,101,100,101,121000,100.83333333333,103,1200,2014-08-22
5643d2bca06e2fe23ff630b5,107,107,102,102,145300,103.78571428571,100,1400,2014-08-21
5643c76fa06e2fe23ff626a5,100,100,100,100,10000,100,106,100,2014-08-20
5643b350a06e2fe23ff61127,104,107,104,105,95500,106.11111111111,100,900,2014-08-18
5643aac3a06e2fe23ff60710,100,100,100,100,30000,100,100,300,2014-08-15
5643a2b1a06e2fe23ff5fdf5,100,100,100,100,480000,100,104,4800,2014-08-14
56439855a06e2fe23ff5f03a,105,105,104,104,1468600,104.15602836879,101,14100,2014-08-13
56438fdfa06e2fe23ff5e633,101,101,101,101,111100,101,99.5,1100,2014-08-12
56438737a06e2fe23ff5dcff,99.5,99.5,99.5,99.5,19900,99.5,100,200,2014-08-11
56437d53a06e2fe23ff5d363,100,100,100,100,10000,100,98.5,100,2014-08-08
564371aba06e2fe23ff5c59b,98,100,98,100,167700,98.647058823529,100,1700,2014-08-07
564364ffa06e2fe23ff5b851,100,100,100,100,590000,100,99.5,5900,2014-08-06
56435ba1a06e2fe23ff5ace4,100,100,98,98,599800,99.966666666667,100,6000,2014-08-05
5643524aa06e2fe23ff5a002,100,100,100,100,1630000,100,100,16300,2014-08-04
564349dfa06e2fe23ff596e1,100,100,100,100,20000,100,100,200,2014-08-01
56433feda06e2fe23ff58c0a,100,100,100,100,50000,100,98,500,2014-07-31
564336daa06e2fe23ff57f07,97,100,97,100,137700,98.357142857143,97,1400,2014-07-30
56432d3da06e2fe23ff5727c,97,98,97,98,87600,97.333333333333,99,900,2014-07-28
564324ffa06e2fe23ff56976,98,100,98,100,19800,99,98,200,2014-07-25
